Outlet_ID,Month,total_sales,no_units,total_volume
ID1008,1,1365360.0,13564.0,2712.8
ID1008,2,837760.0,8281.0,1656.2
ID1008,3,1087870.0,11157.0,2231.4
ID1012,1,1162350.0,1053.0,1053.0
ID1012,2,1333800.0,1188.0,1188.0
ID1012,3,1152500.0,1034.0,1034.0
ID1024,1,2406350.0,2188.0,2188.0
ID1024,2,2554600.0,2284.0,2284.0
ID1024,3,2765350.0,2471.0,2471.0
ID1029,1,2442045.0,8208.5,2932.5
ID1029,2,2035290.0,7861.0,2547.4
ID1029,3,2223245.0,8501.5,2779.1000000000004
ID1036,1,1141280.0,5939.0,1619.8
ID1036,2,913070.0,4085.5,1217.5
ID1036,3,1115085.0,5657.5,1563.5
ID1043,1,2141665.0,8866.5,2749.7
ID1043,2,2219120.0,8130.5,2753.3
ID1043,3,2339265.0,8251.5,2829.5
ID1072,1,886490.0,8895.0,1779.0
ID1072,2,493050.0,4935.0,987.0
ID1072,3,728930.0,7285.0,1457.0
ID1083,1,1214290.0,12157.0,2431.4
ID1083,2,1063610.0,10547.0,2109.4
ID1083,3,1107930.0,10997.0,2199.4
ID1093,1,2335190.0,8872.0,2905.6
ID1093,2,1930745.0,7654.5,2449.7
ID1093,3,2361725.0,7860.0,2802.0
ID1097,1,885810.0,8777.0,1755.4
ID1097,2,1172420.0,11754.0,2350.8
ID1097,3,896510.0,9184.0,1836.8
ID1110,1,1267980.0,12635.0,2527.0
ID1110,2,1029470.0,10143.0,2028.6
ID1110,3,1022610.0,10219.0,2043.8
ID1125,1,860975.0,4886.5,1275.3
ID1125,2,1009710.0,4788.5,1379.7
ID1125,3,1083015.0,5450.5,1518.1
ID1134,1,1556150.0,1404.0,1404.0
ID1134,2,1001300.0,888.0,888.0
ID1134,3,1366750.0,1239.0,1239.0
ID1136,1,2395410.0,8386.5,2916.1000000000004
ID1136,2,2386905.0,8083.5,2864.7
ID1136,3,2496200.0,8620.0,3026.4
ID1137,1,2181150.0,1993.0,1993.0
ID1137,2,2268150.0,2039.0,2039.0
ID1137,3,2343800.0,2120.0,2120.0
ID1143,1,1011040.0,4238.5,1316.1
ID1143,2,1183865.0,6338.5,1698.9
ID1143,3,943250.0,5057.5,1363.9
ID1150,1,1173790.0,11834.0,2366.8
ID1150,2,1243030.0,12408.0,2481.6
ID1150,3,1141100.0,11466.0,2293.2
ID1193,1,2728550.0,9231.5,3255.5
ID1193,2,2296745.0,8910.0,2893.6000000000004
ID1193,3,2692295.0,10293.5,3385.1000000000004
ID1202,1,2739045.0,9667.5,3335.1000000000004
ID1202,2,2661595.0,10032.0,3325.6
ID1202,3,2350605.0,8432.5,2880.5
ID1210,1,1091550.0,6033.5,1597.1000000000001
ID1210,2,919815.0,3956.0,1206.4
ID1210,3,1024935.0,5327.5,1459.9
ID1214,1,982400.0,878.0,878.0
ID1214,2,1358050.0,1235.0,1235.0
ID1214,3,1117850.0,1017.0,1017.0
ID1217,1,977965.0,4484.0,1313.6
ID1217,2,990735.0,4283.0,1295.4
ID1217,3,1027425.0,5412.0,1474.8
ID1234,1,1167710.0,11635.0,2327.0
ID1234,2,1220640.0,12136.0,2427.2
ID1234,3,1066570.0,10575.0,2115.0
ID1255,1,1005245.0,4976.5,1402.5
ID1255,2,1008945.0,4969.5,1396.7
ID1255,3,1035390.0,5085.5,1431.5
ID1256,1,995420.0,3704.5,1238.1
ID1256,2,868285.0,4318.0,1215.6
ID1256,3,1067830.0,4758.5,1418.9
ID1259,1,1097300.0,11060.0,2212.0
ID1259,2,1114640.0,11127.0,2225.4
ID1259,3,880500.0,8853.0,1770.6
ID1279,1,2535220.0,9311.5,3123.1000000000004
ID1279,2,2165110.0,8405.0,2735.4
ID1279,3,2294770.0,7133.5,2689.5
ID1298,1,2549100.0,2314.0,2314.0
ID1298,2,2034450.0,1816.0,1816.0
ID1298,3,2256850.0,2058.0,2058.0
ID1303,1,2729780.0,9762.0,3353.6000000000004
ID1303,2,2784620.0,10291.5,3449.9
ID1303,3,2094105.0,7991.0,2633.8
ID1304,1,2079290.0,10363.5,2903.9
ID1304,2,2005730.0,8698.0,2640.4
ID1304,3,2027730.0,9345.0,2735.4
ID1307,1,1033110.0,4990.0,1428.0
ID1307,2,971455.0,4355.0,1287.4
ID1307,3,1061840.0,5184.5,1474.5
ID1314,1,2587910.0,8490.0,3076.0
ID1314,2,2331220.0,8588.0,2881.6
ID1314,3,2221145.0,9296.0,2900.4
ID1323,1,920245.0,4370.5,1259.7
ID1323,2,815770.0,3854.5,1108.5
ID1323,3,886150.0,3565.5,1132.7
ID1329,1,717710.0,7094.0,1418.8000000000002
ID1329,2,688840.0,6892.0,1378.4
ID1329,3,725800.0,7210.0,1442.0
ID1338,1,2716050.0,2435.0,2435.0
ID1338,2,2891400.0,2602.0,2602.0
ID1338,3,2675200.0,2440.0,2440.0
ID1356,1,1063225.0,5268.5,1481.7
ID1356,2,1149875.0,5459.0,1565.4
ID1356,3,995805.0,4937.5,1389.5
ID1360,1,1283900.0,1153.0,1153.0
ID1360,2,1319750.0,1199.0,1199.0
ID1360,3,1125750.0,1013.0,1013.0
ID1365,1,1426945.0,8381.0,2140.2
ID1365,2,1183055.0,6159.5,1680.3
ID1365,3,1191770.0,6759.0,1765.0
ID1379,1,2730200.0,2463.0,2463.0
ID1379,2,2122300.0,1916.0,1916.0
ID1379,3,2937850.0,2624.0,2624.0
ID1382,1,707225.0,2523.5,863.5
ID1382,2,1161490.0,5918.5,1637.3
ID1382,3,1035670.0,5392.5,1465.7
ID1414,1,981605.0,5105.5,1395.1
ID1414,2,1129620.0,5706.0,1580.4
ID1414,3,1016105.0,4767.0,1381.0
ID1417,1,2346250.0,2117.0,2117.0
ID1417,2,2797300.0,2535.0,2535.0
ID1417,3,2693500.0,2412.0,2412.0
ID1425,1,2012235.0,7379.0,2492.2
ID1425,2,2286775.0,9607.0,2952.6
ID1425,3,2341770.0,7321.5,2726.3
ID1429,1,1655290.0,5084.5,1932.1
ID1429,2,1506975.0,5217.5,1817.5
ID1429,3,1623720.0,5569.5,1965.5
ID1443,1,3051570.0,8899.5,3485.5
ID1443,2,2514510.0,8303.5,2999.9
ID1443,3,2640655.0,10050.5,3309.7
ID1446,1,845125.0,3024.5,1030.5
ID1446,2,986430.0,4978.5,1380.5
ID1446,3,1017235.0,4431.5,1337.5
ID1467,1,2724855.0,8331.5,3159.9
ID1467,2,2749995.0,9347.0,3309.0
ID1467,3,2183775.0,6161.5,2458.7
ID1476,1,985825.0,4104.5,1280.9
ID1476,2,897685.0,4224.0,1221.6
ID1476,3,1005040.0,4703.0,1357.0
ID1479,1,2136140.0,7913.5,2660.3
ID1479,2,2561210.0,11026.0,3366.8
ID1479,3,2566445.0,7885.5,2964.3
ID1480,1,2461170.0,9834.0,3150.4
ID1480,2,2172230.0,7800.5,2666.9
ID1480,3,2177005.0,9122.5,2821.3
ID1484,1,2234570.0,10604.0,3059.6
ID1484,2,2646820.0,9903.5,3308.3
ID1484,3,2257590.0,8086.5,2762.5
ID1485,1,3858975.0,9900.0,4267.2
ID1485,2,3485640.0,10186.5,3984.5
ID1485,3,3486960.0,10070.0,3993.6000000000004
ID1494,1,805770.0,8013.0,1602.6
ID1494,2,711730.0,7030.0,1406.0
ID1494,3,518090.0,5218.0,1043.6
ID1501,1,2898000.0,2603.0,2603.0
ID1501,2,2012450.0,1822.0,1822.0
ID1501,3,2501400.0,2264.0,2264.0
ID1520,1,1339120.0,13330.0,2666.0
ID1520,2,1031260.0,10370.0,2074.0
ID1520,3,1247230.0,12441.0,2488.2
ID1530,1,2252955.0,8307.0,2779.4
ID1530,2,2452420.0,9591.0,3131.8
ID1530,3,2774890.0,9342.5,3343.7
ID1531,1,2087000.0,1875.0,1875.0
ID1531,2,3134650.0,2827.0,2827.0
ID1531,3,2831800.0,2541.0,2541.0
ID1541,1,1076185.0,5397.5,1508.7
ID1541,2,1253855.0,6066.5,1727.3000000000002
ID1541,3,1077235.0,4833.5,1437.5
ID1543,1,2925745.0,9509.5,3443.9
ID1543,2,3252665.0,9730.0,3776.4
ID1543,3,2992410.0,8180.5,3350.9
ID1551,1,1222900.0,1097.0,1097.0
ID1551,2,1326450.0,1188.0,1188.0
ID1551,3,934950.0,836.0,836.0
ID1566,1,2217335.0,8494.5,2780.5
ID1566,2,2629810.0,6698.5,2884.1
ID1566,3,2076495.0,7539.5,2553.1000000000004
ID1575,1,2279800.0,2026.0,2026.0
ID1575,2,2356050.0,2119.0,2119.0
ID1575,3,2433800.0,2170.0,2170.0
ID1587,1,1076545.0,4855.5,1439.1
ID1587,2,1007880.0,5087.0,1415.0
ID1587,3,925990.0,4602.5,1289.7
ID1603,1,1346200.0,1203.0,1203.0
ID1603,2,1142550.0,1030.0,1030.0
ID1603,3,1383550.0,1239.0,1239.0
ID1611,1,2332180.0,8541.0,2887.0
ID1611,2,2419375.0,8066.5,2888.5
ID1611,3,2676545.0,8984.5,3201.3
ID1625,1,2446990.0,8988.0,3028.4
ID1625,2,2282575.0,9662.0,2980.0
ID1625,3,2394635.0,9228.5,3018.5
ID1635,1,1175250.0,11674.0,2334.8
ID1635,2,1290880.0,12803.0,2560.6
ID1635,3,1143520.0,11381.0,2276.2
ID1654,1,2241340.0,8459.0,2800.6
ID1654,2,2335115.0,8861.0,2926.6000000000004
ID1654,3,2700605.0,8671.5,3193.1
ID1696,1,1177620.0,11855.0,2371.0
ID1696,2,1354960.0,13673.0,2734.6
ID1696,3,1139100.0,11232.0,2246.4
ID1718,1,1225850.0,1100.0,1100.0
ID1718,2,1145700.0,1036.0,1036.0
ID1718,3,1355250.0,1218.0,1218.0
ID1721,1,2296105.0,7120.0,2693.6000000000004
ID1721,2,2444170.0,9740.5,3114.1000000000004
ID1721,3,2385715.0,7931.5,2848.3
ID1723,1,933780.0,4064.0,1226.0
ID1723,2,1110555.0,5058.5,1492.9
ID1723,3,959695.0,4174.5,1267.3
ID1726,1,1275300.0,1152.0,1152.0
ID1726,2,1116050.0,1003.0,1003.0
ID1726,3,884550.0,793.0,793.0
ID1732,1,1252130.0,12412.0,2482.4
ID1732,2,1545790.0,15455.0,3091.0
ID1732,3,890520.0,8873.0,1774.6
ID1734,1,1087620.0,10903.0,2180.6
ID1734,2,811040.0,8250.0,1650.0
ID1734,3,1340350.0,13431.0,2686.2000000000003
ID1740,1,1363440.0,13712.0,2742.4
ID1740,2,1195120.0,11962.0,2392.4
ID1740,3,1197350.0,11913.0,2382.6
ID1743,1,950550.0,870.0,870.0
ID1743,2,1087700.0,971.0,971.0
ID1743,3,1036700.0,938.0,938.0
ID1745,1,1224300.0,1105.0,1105.0
ID1745,2,1219350.0,1097.0,1097.0
ID1745,3,950800.0,853.0,853.0
ID1750,1,2352055.0,6435.5,2633.9
ID1750,2,2180455.0,5701.0,2411.0
ID1750,3,2192640.0,6240.5,2499.3
ID1763,1,758470.0,7655.0,1531.0
ID1763,2,607710.0,6001.0,1200.2
ID1763,3,655080.0,6517.0,1303.4
ID1764,1,2193300.0,8388.5,2755.3
ID1764,2,2209320.0,8411.0,2753.4
ID1764,3,2378345.0,8419.5,2917.1000000000004
ID1768,1,2315190.0,8451.0,2869.8
ID1768,2,2385895.0,9464.5,3022.5
ID1768,3,2582765.0,9713.5,3205.9
ID1769,1,1083720.0,4991.0,1455.0
ID1769,2,1039630.0,5228.0,1452.4
ID1769,3,800425.0,3362.0,1038.0
ID1772,1,2167330.0,8810.0,2772.8
ID1772,2,2455520.0,9215.0,3081.0
ID1772,3,2600410.0,8648.5,3117.3
ID1795,1,2764700.0,9675.0,3341.8
ID1795,2,2877610.0,11520.0,3671.6
ID1795,3,2629220.0,9982.5,3280.1
ID1808,1,2772770.0,10274.0,3453.6000000000004
ID1808,2,2554405.0,9544.5,3177.7
ID1808,3,2137915.0,7155.0,2557.0
ID1811,1,2157340.0,7689.0,2644.6
ID1811,2,1987815.0,8617.5,2602.3
ID1811,3,2244605.0,8433.5,2802.3
ID1818,1,1179080.0,11613.0,2322.6
ID1818,2,799950.0,7966.0,1593.2
ID1818,3,1409200.0,14115.0,2823.0
ID1819,1,1013500.0,924.0,924.0
ID1819,2,1263350.0,1149.0,1149.0
ID1819,3,1226300.0,1104.0,1104.0
ID1832,1,895245.0,4099.0,1203.0
ID1832,2,1022705.0,5395.0,1457.0
ID1832,3,971455.0,4284.5,1282.5
ID1840,1,2358810.0,8356.5,2886.1000000000004
ID1840,2,2612815.0,11732.0,3481.6
ID1840,3,2265290.0,10030.5,2997.7
ID1844,1,3073000.0,2769.0,2769.0
ID1844,2,2808000.0,2521.0,2521.0
ID1844,3,2755850.0,2478.0,2478.0
ID1859,1,1067550.0,10835.0,2167.0
ID1859,2,1139810.0,11462.0,2292.4
ID1859,3,1162860.0,11543.0,2308.6
ID1860,1,531200.0,5334.0,1066.8
ID1860,2,836570.0,8450.0,1690.0
ID1860,3,583940.0,5862.0,1172.4
ID1866,1,982315.0,5174.5,1396.9
ID1866,2,994120.0,4488.0,1328.4
ID1866,3,1101930.0,6133.0,1615.4
ID1878,1,1130700.0,11178.0,2235.6
ID1878,2,1280840.0,12910.0,2582.0
ID1878,3,1194800.0,11952.0,2390.4
ID1886,1,2421085.0,9438.0,3043.2
ID1886,2,2666325.0,10349.5,3371.1000000000004
ID1886,3,2649315.0,10284.0,3332.4
ID1893,1,464400.0,4647.0,929.4
ID1893,2,535770.0,5491.0,1098.2
ID1893,3,637590.0,6328.0,1265.6
ID1902,1,721180.0,7101.0,1420.2
ID1902,2,671370.0,6610.0,1322.0
ID1902,3,566750.0,5739.0,1147.8
ID1908,1,2755985.0,9645.0,3341.0
ID1908,2,2830875.0,8619.0,3279.0
ID1908,3,2122635.0,6440.5,2474.1
ID1911,1,898430.0,3520.5,1133.7
ID1911,2,927170.0,4372.0,1263.6
ID1911,3,1007620.0,4750.0,1369.6
ID1916,1,1151100.0,1052.0,1052.0
ID1916,2,1450550.0,1297.0,1297.0
ID1916,3,935450.0,845.0,845.0
ID1927,1,952910.0,3847.5,1220.3
ID1927,2,884315.0,4128.0,1202.8
ID1927,3,993665.0,4267.5,1304.3
ID1935,1,1099655.0,5450.5,1535.7
ID1935,2,1185280.0,6374.0,1706.4
ID1935,3,1021570.0,4644.5,1369.7
ID1946,1,1394730.0,13921.0,2784.2
ID1946,2,1521460.0,15260.0,3052.0
ID1946,3,909580.0,9096.0,1819.2
ID1948,1,1219450.0,1108.0,1108.0
ID1948,2,1326300.0,1204.0,1204.0
ID1948,3,1453550.0,1309.0,1309.0
ID1953,1,1077650.0,970.0,970.0
ID1953,2,1265350.0,1136.0,1136.0
ID1953,3,1183350.0,1081.0,1081.0
ID1954,1,2337050.0,2089.0,2089.0
ID1954,2,2505750.0,2231.0,2231.0
ID1954,3,2544350.0,2285.0,2285.0
ID1968,1,956440.0,4661.0,1316.6
ID1968,2,923975.0,4194.0,1245.2
ID1968,3,1035640.0,4722.0,1389.6
ID1983,1,945590.0,4542.5,1297.7
ID1983,2,1012970.0,5598.5,1485.3
ID1983,3,1162980.0,5560.5,1593.7
ID1993,1,2168930.0,7281.0,2591.4
ID1993,2,2245350.0,7520.5,2664.1
ID1993,3,2158305.0,7708.0,2622.8
ID1997,1,1399080.0,14047.0,2809.4
ID1997,2,1112450.0,11011.0,2202.2000000000003
ID1997,3,1085690.0,10781.0,2156.2000000000003
ID2002,1,936095.0,4467.5,1286.3
ID2002,2,1015130.0,4448.5,1340.1
ID2002,3,1011865.0,5160.5,1424.9
ID2005,1,1371650.0,1232.0,1232.0
ID2005,2,1289100.0,1157.0,1157.0
ID2005,3,1110550.0,991.0,991.0
ID2031,1,2375575.0,9033.0,2953.4
ID2031,2,2123165.0,6664.0,2483.6
ID2031,3,2447660.0,8919.0,3001.8
ID2044,1,2506500.0,2299.0,2299.0
ID2044,2,3048500.0,2746.0,2746.0
ID2044,3,2472250.0,2214.0,2214.0
ID2051,1,2349805.0,8785.0,2929.8
ID2051,2,2371990.0,8830.5,2930.5
ID2051,3,2733665.0,9717.5,3326.3
ID2054,1,607650.0,6147.0,1229.4
ID2054,2,803610.0,7982.0,1596.4
ID2054,3,635660.0,6351.0,1270.2
ID2059,1,1084650.0,10896.0,2179.2
ID2059,2,1168170.0,11736.0,2347.2000000000003
ID2059,3,1202560.0,11887.0,2377.4
ID2074,1,3371955.0,15567.0,4558.200000000001
ID2074,2,3085660.0,12494.5,3950.1
ID2074,3,3858285.0,13637.5,4710.700000000001
ID2077,1,2770885.0,9516.5,3331.3
ID2077,2,2436275.0,8689.5,3001.1000000000004
ID2077,3,3156940.0,9807.5,3677.5
ID2085,1,957295.0,4346.0,1278.4
ID2085,2,1014930.0,4690.0,1361.2
ID2085,3,957835.0,4530.5,1308.1
ID2110,1,1259380.0,12576.0,2515.2000000000003
ID2110,2,1047330.0,10522.0,2104.4
ID2110,3,1147610.0,11519.0,2303.8
ID2112,1,2196245.0,9695.0,2920.6000000000004
ID2112,2,2473890.0,8930.5,3026.5
ID2112,3,2579755.0,8324.0,3061.2
ID2117,1,1020900.0,919.0,919.0
ID2117,2,1193100.0,1099.0,1099.0
ID2117,3,1406750.0,1273.0,1273.0
ID2126,1,1577250.0,15807.0,3161.4
ID2126,2,1020380.0,10253.0,2050.6
ID2126,3,1119300.0,11312.0,2262.4
ID2137,1,1130290.0,11225.0,2245.0
ID2137,2,1359210.0,13475.0,2695.0
ID2137,3,1260260.0,12579.0,2515.8
ID2138,1,2500240.0,8441.0,2995.8
ID2138,2,2613565.0,8451.5,3081.5
ID2138,3,2751645.0,9242.0,3279.6
ID2142,1,1067260.0,10670.0,2134.0
ID2142,2,1189510.0,11852.0,2370.4
ID2142,3,1245810.0,12414.0,2482.8
ID2152,1,1184780.0,11791.0,2358.2000000000003
ID2152,2,1292730.0,12953.0,2590.6
ID2152,3,1038990.0,10455.0,2091.0
ID2156,1,2406870.0,9220.0,3023.2
ID2156,2,2547030.0,9393.0,3162.6000000000004
ID2156,3,2339795.0,8041.0,2807.4
ID2170,1,3649770.0,8372.0,3902.8
ID2170,2,3491850.0,9326.5,3884.5
ID2170,3,3215525.0,9178.0,3648.0
ID2180,1,637780.0,6416.0,1283.2
ID2180,2,696140.0,7037.0,1407.4
ID2180,3,621880.0,6149.0,1229.8
ID2198,1,686590.0,6773.0,1354.6
ID2198,2,644060.0,6466.0,1293.2
ID2198,3,777840.0,7805.0,1561.0
ID2241,1,2016050.0,7403.5,2509.1000000000004
ID2241,2,2440850.0,9024.0,2998.0
ID2241,3,2057925.0,9485.5,2766.3
ID2253,1,2160735.0,9620.5,2878.5
ID2253,2,2367560.0,8913.0,2942.2
ID2253,3,2026120.0,8119.0,2598.6000000000004
ID2263,1,1367420.0,13613.0,2722.6
ID2263,2,1163420.0,11503.0,2300.6000000000004
ID2263,3,955490.0,9618.0,1923.6
ID2270,1,1267400.0,1126.0,1126.0
ID2270,2,1213900.0,1083.0,1083.0
ID2270,3,1238450.0,1115.0,1115.0
ID2276,1,1182670.0,11813.0,2362.6
ID2276,2,1055760.0,10674.0,2134.8
ID2276,3,1312270.0,13245.0,2649.0
ID2283,1,605710.0,5971.0,1194.2
ID2283,2,538860.0,5469.0,1093.8000000000002
ID2283,3,527600.0,5341.0,1068.2
ID2291,1,2721500.0,2449.0,2449.0
ID2291,2,2644850.0,2377.0,2377.0
ID2291,3,2668750.0,2397.0,2397.0
ID2321,1,2486990.0,9256.5,3094.9
ID2321,2,2093260.0,9587.5,2837.5
ID2321,3,2275040.0,8546.5,2822.5
ID2327,1,2255345.0,8754.0,2846.4
ID2327,2,2284720.0,8304.0,2806.4
ID2327,3,2399270.0,8508.0,2910.8
ID2333,1,860020.0,4065.0,1169.4
ID2333,2,942760.0,4199.0,1247.8
ID2333,3,929960.0,4668.0,1300.4
ID2342,1,2621900.0,8843.0,3130.2
ID2342,2,2179915.0,9000.5,2818.9
ID2342,3,2257795.0,7493.0,2672.2
ID2367,1,2392220.0,9707.0,3067.0
ID2367,2,2401600.0,9163.5,3015.5
ID2367,3,2442760.0,9609.0,3101.4
ID2370,1,2502535.0,9892.5,3170.1000000000004
ID2370,2,2241140.0,7139.5,2635.1000000000004
ID2370,3,2303135.0,8428.5,2854.1
ID2378,1,648280.0,6417.0,1283.4
ID2378,2,665590.0,6698.0,1339.6
ID2378,3,587890.0,5866.0,1173.2
ID2382,1,1115350.0,1017.0,1017.0
ID2382,2,1190050.0,1065.0,1065.0
ID2382,3,1284200.0,1165.0,1165.0
ID2390,1,2717825.0,10459.0,3407.0
ID2390,2,2681980.0,7209.5,2990.3
ID2390,3,2689535.0,10096.0,3343.6
ID2391,1,1068570.0,4744.5,1414.1
ID2391,2,906560.0,5093.0,1338.6
ID2391,3,915160.0,5420.5,1384.1
ID2400,1,2079465.0,8065.5,2633.1000000000004
ID2400,2,1750095.0,6889.5,2210.7
ID2400,3,2529045.0,8443.0,3025.8
ID2419,1,1095290.0,11040.0,2208.0
ID2419,2,1341500.0,13392.0,2678.4
ID2419,3,1021760.0,10375.0,2075.0
ID2423,1,916650.0,4215.5,1232.7
ID2423,2,1140030.0,5729.5,1595.1000000000001
ID2423,3,925480.0,3836.0,1195.6
ID2425,1,2518500.0,2257.0,2257.0
ID2425,2,2373550.0,2153.0,2153.0
ID2425,3,1786500.0,1622.0,1622.0
ID2432,1,2308610.0,8907.0,2923.8
ID2432,2,2203950.0,8074.0,2732.8
ID2432,3,2021755.0,7523.5,2520.3
ID2453,1,1209240.0,6106.0,1699.2
ID2453,2,1017295.0,5033.0,1412.2
ID2453,3,1124245.0,5836.0,1602.0
ID2456,1,1274900.0,1154.0,1154.0
ID2456,2,1225100.0,1087.0,1087.0
ID2456,3,1194850.0,1071.0,1071.0
ID2463,1,2108710.0,6175.0,2413.4
ID2463,2,2369475.0,9109.5,2989.5
ID2463,3,2411600.0,10374.0,3158.8
ID2467,1,1435350.0,1297.0,1297.0
ID2467,2,1215900.0,1091.0,1091.0
ID2467,3,1076650.0,965.0,965.0
ID2481,1,1040080.0,10410.0,2082.0
ID2481,2,1289880.0,12798.0,2559.6
ID2481,3,1007470.0,10089.0,2017.8
ID2493,1,2730350.0,2462.0,2462.0
ID2493,2,2820400.0,2548.0,2548.0
ID2493,3,2322850.0,2089.0,2089.0
ID2499,1,1235020.0,12414.0,2482.8
ID2499,2,1140220.0,11234.0,2246.8
ID2499,3,1348950.0,13444.0,2688.8
ID2504,1,1132980.0,5879.0,1605.8
ID2504,2,918875.0,4740.0,1301.2
ID2504,3,859450.0,3570.0,1116.0
ID2508,1,1073750.0,10863.0,2172.6
ID2508,2,907320.0,9023.0,1804.6
ID2508,3,1294630.0,13010.0,2602.0
ID2521,1,2648770.0,8749.5,3162.3
ID2521,2,2385300.0,9057.5,2994.3
ID2521,3,2499600.0,9884.0,3180.4
ID2525,1,819480.0,7907.0,1581.4
ID2525,2,1332420.0,13363.0,2672.6
ID2525,3,1106570.0,11038.0,2207.6
ID2533,1,1073750.0,5227.5,1483.1
ID2533,2,1135370.0,5279.0,1543.8
ID2533,3,966745.0,4155.0,1267.4
ID2562,1,999130.0,10211.0,2042.2
ID2562,2,1203440.0,11919.0,2383.8
ID2562,3,1092820.0,10705.0,2141.0
ID2566,1,1020390.0,4687.5,1373.9
ID2566,2,946545.0,3992.0,1233.6
ID2566,3,934690.0,4376.5,1272.5
ID2582,1,995900.0,910.0,910.0
ID2582,2,1107300.0,1009.0,1009.0
ID2582,3,1059050.0,959.0,959.0
ID2592,1,1187545.0,5984.0,1659.2
ID2592,2,1107250.0,4931.5,1467.5
ID2592,3,1082015.0,5860.0,1568.8
ID2600,1,1151800.0,1025.0,1025.0
ID2600,2,1206400.0,1083.0,1083.0
ID2600,3,1369350.0,1229.0,1229.0
ID2611,1,2144200.0,1938.0,1938.0
ID2611,2,2777700.0,2482.0,2482.0
ID2611,3,2343100.0,2103.0,2103.0
ID2628,1,2383435.0,10106.5,3092.9
ID2628,2,2512965.0,9186.0,3074.4
ID2628,3,2797235.0,8671.5,3257.1
ID2631,1,1058665.0,4662.5,1399.7
ID2631,2,1144015.0,5831.0,1605.0
ID2631,3,824880.0,3585.5,1082.3
ID2648,1,2482950.0,2222.0,2222.0
ID2648,2,2407400.0,2178.0,2178.0
ID2648,3,2241200.0,2021.0,2021.0
ID2655,1,1169350.0,11772.0,2354.4
ID2655,2,1275980.0,12628.0,2525.6
ID2655,3,1090490.0,10850.0,2170.0
ID2670,1,2226230.0,9085.0,2871.0
ID2670,2,1700835.0,5953.5,2070.7
ID2670,3,2641145.0,10550.5,3369.3
ID2673,1,1234630.0,12332.0,2466.4
ID2673,2,1202230.0,11957.0,2391.4
ID2673,3,1085410.0,10852.0,2170.4
ID2716,1,969320.0,9614.0,1922.8
ID2716,2,1139090.0,11420.0,2284.0
ID2716,3,1277510.0,12785.0,2557.0
ID2725,1,2442350.0,2207.0,2207.0
ID2725,2,2918500.0,2616.0,2616.0
ID2725,3,2708950.0,2407.0,2407.0
ID2729,1,2726640.0,9523.5,3273.9
ID2729,2,2590630.0,9968.0,3267.6
ID2729,3,2499820.0,9892.0,3174.0
ID2737,1,936310.0,4551.5,1288.7
ID2737,2,859230.0,3682.5,1121.3
ID2737,3,1169675.0,6184.5,1665.3
ID2798,1,2070590.0,8101.5,2614.7
ID2798,2,2186790.0,9144.0,2851.2
ID2798,3,2224775.0,7928.5,2704.9
ID2819,1,1735985.0,11467.5,2760.3
ID2819,2,1789120.0,11865.5,2850.7000000000003
ID2819,3,1738615.0,11989.0,2821.4
ID2828,1,2771160.0,9203.0,3311.0
ID2828,2,2070705.0,7629.5,2550.3
ID2828,3,2954280.0,10071.5,3527.9
ID2846,1,1328530.0,13369.0,2673.8
ID2846,2,1166690.0,11704.0,2340.8
ID2846,3,1270690.0,12670.0,2534.0
ID2857,1,1005195.0,4916.0,1385.2
ID2857,2,1035815.0,4998.0,1425.6
ID2857,3,1112765.0,5111.0,1491.4
ID2860,1,2222155.0,9105.5,2869.9
ID2860,2,2261215.0,8483.0,2826.6000000000004
ID2860,3,2441290.0,9334.5,3038.9
ID2861,1,2610580.0,8579.0,3105.8
ID2861,2,1879220.0,7260.0,2368.8
ID2861,3,2177045.0,9057.0,2816.6
ID2886,1,2009100.0,7875.0,2542.6000000000004
ID2886,2,2348485.0,7802.0,2798.4
ID2886,3,2207870.0,7222.5,2614.1
ID2897,1,1060030.0,5317.0,1476.6
ID2897,2,942495.0,4362.5,1273.7
ID2897,3,1122745.0,5069.0,1505.4
ID2906,1,1065910.0,10616.0,2123.2000000000003
ID2906,2,1097060.0,10887.0,2177.4
ID2906,3,1103680.0,11091.0,2218.2000000000003
ID2928,1,2826425.0,11238.5,3606.1
ID2928,2,2255335.0,9621.5,2946.3
ID2928,3,2543440.0,9020.0,3092.0
ID2929,1,2229195.0,8284.5,2783.3
ID2929,2,2397905.0,8178.5,2903.3
ID2929,3,2578775.0,8317.5,3039.9
ID2932,1,2474250.0,2255.0,2255.0
ID2932,2,2553700.0,2281.0,2281.0
ID2932,3,2391300.0,2139.0,2139.0
ID2944,1,686710.0,6940.0,1388.0
ID2944,2,776380.0,7790.0,1558.0
ID2944,3,501460.0,5059.0,1011.8
ID2951,1,1019305.0,4448.0,1340.4
ID2951,2,1013180.0,4652.0,1362.8
ID2951,3,885665.0,3396.0,1101.6
ID2957,1,1068950.0,10747.0,2149.4
ID2957,2,1360730.0,13431.0,2686.2
ID2957,3,1149540.0,11450.0,2290.0
ID2978,1,1038795.0,4807.5,1402.7
ID2978,2,871870.0,4295.5,1211.5
ID2978,3,1060680.0,4744.5,1416.5
ID2979,1,1161370.0,11567.0,2313.4
ID2979,2,1065640.0,10571.0,2114.2
ID2979,3,1043070.0,10581.0,2116.2
ID2984,1,1488500.0,1344.0,1344.0
ID2984,2,1258250.0,1142.0,1142.0
ID2984,3,1392900.0,1255.0,1255.0
ID3018,1,950370.0,4704.5,1318.5
ID3018,2,1078510.0,5292.0,1490.4
ID3018,3,885415.0,4011.0,1189.0
ID3024,1,2591595.0,9634.0,3212.8
ID3024,2,2720550.0,9707.0,3295.4
ID3024,3,1880895.0,6866.5,2325.3
ID3049,1,992600.0,4892.5,1386.5
ID3049,2,928800.0,4849.0,1323.4
ID3049,3,1065235.0,5058.0,1450.4
ID3075,1,2632600.0,8553.0,3110.6000000000004
ID3075,2,2113425.0,6387.5,2458.7
ID3075,3,2540280.0,9608.5,3173.7
ID3083,1,1111220.0,11091.0,2218.2
ID3083,2,1209750.0,12043.0,2408.6
ID3083,3,928450.0,9242.0,1848.4
ID3097,1,1063120.0,10495.0,2099.0
ID3097,2,1395260.0,13921.0,2784.2000000000003
ID3097,3,1361000.0,13622.0,2724.4
ID3107,1,1047240.0,5104.5,1448.5
ID3107,2,1015225.0,5374.5,1462.1
ID3107,3,1020970.0,4628.5,1366.9
ID3125,1,1053805.0,4765.5,1407.5
ID3125,2,984960.0,4752.0,1348.4
ID3125,3,968460.0,5058.0,1382.0
ID3127,1,3233545.0,13300.5,4186.1
ID3127,2,2710915.0,12160.0,3619.6
ID3127,3,2721225.0,13065.0,3747.0
ID3140,1,1362500.0,1235.0,1235.0
ID3140,2,1288800.0,1156.0,1156.0
ID3140,3,1312550.0,1183.0,1183.0
ID3142,1,2357185.0,7658.0,2797.6000000000004
ID3142,2,2476970.0,8467.5,2970.7
ID3142,3,2222175.0,7212.5,2623.3
ID3153,1,2333350.0,2124.0,2124.0
ID3153,2,2434600.0,2187.0,2187.0
ID3153,3,2406950.0,2171.0,2171.0
ID3156,1,2478130.0,7598.0,2871.6
ID3156,2,2312970.0,9549.0,2991.0
ID3156,3,2638550.0,10582.5,3366.9
ID3169,1,1062600.0,951.0,951.0
ID3169,2,916550.0,816.0,816.0
ID3169,3,1231700.0,1113.0,1113.0
ID3181,1,1914990.0,8365.5,2531.9
ID3181,2,2402295.0,9647.0,3061.8
ID3181,3,2680975.0,8647.5,3169.5
ID3189,1,2745150.0,2474.0,2474.0
ID3189,2,2256500.0,1986.0,1986.0
ID3189,3,2172700.0,1955.0,1955.0
ID3203,1,1013680.0,4646.0,1370.0
ID3203,2,910870.0,3906.5,1189.7
ID3203,3,1070830.0,5875.5,1564.3
ID3205,1,2378750.0,7689.5,2808.3
ID3205,2,2261465.0,8856.5,2869.7
ID3205,3,2329580.0,9633.5,3003.1000000000004
ID3213,1,2254915.0,9416.5,2921.7
ID3213,2,2554170.0,8602.0,3054.0
ID3213,3,2497375.0,9238.5,3063.7
ID3214,1,852970.0,8446.0,1689.2
ID3214,2,796330.0,8046.0,1609.2
ID3214,3,611520.0,6105.0,1221.0
ID3221,1,1427650.0,14298.0,2859.6
ID3221,2,1202910.0,12037.0,2407.4
ID3221,3,1427140.0,14335.0,2867.0
ID3222,1,2208200.0,2000.0,2000.0
ID3222,2,2515800.0,2272.0,2272.0
ID3222,3,2741600.0,2468.0,2468.0
ID3227,1,2790350.0,2532.0,2532.0
ID3227,2,2190150.0,1953.0,1953.0
ID3227,3,2571900.0,2313.0,2313.0
ID3232,1,2470300.0,2224.0,2224.0
ID3232,2,2485600.0,2234.0,2234.0
ID3232,3,2440500.0,2230.0,2230.0
ID3236,1,2269325.0,9618.0,2949.6000000000004
ID3236,2,2251640.0,9079.5,2869.1
ID3236,3,2092690.0,7505.5,2575.1000000000004
ID3247,1,2186750.0,6855.5,2540.3
ID3247,2,2277225.0,9482.0,2946.0
ID3247,3,2055445.0,7187.0,2497.0
ID3269,1,1099360.0,4818.0,1447.2
ID3269,2,918665.0,4096.0,1224.8
ID3269,3,967660.0,4057.5,1253.1
ID3287,1,1240300.0,1121.0,1121.0
ID3287,2,1193100.0,1081.0,1081.0
ID3287,3,1038250.0,950.0,950.0
ID3289,1,2369745.0,9355.0,3029.0
ID3289,2,2102155.0,7621.0,2589.4
ID3289,3,2242575.0,8358.5,2783.3
ID3310,1,764000.0,7645.0,1529.0
ID3310,2,655470.0,6508.0,1301.6
ID3310,3,661530.0,6756.0,1351.2
ID3330,1,2803865.0,9214.0,3327.6000000000004
ID3330,2,1936100.0,7443.0,2419.4
ID3330,3,2088410.0,8066.0,2609.2
ID3331,1,1135450.0,11124.0,2224.8
ID3331,2,1048930.0,10591.0,2118.2000000000003
ID3331,3,907450.0,9024.0,1804.8
ID3335,1,1210100.0,1094.0,1094.0
ID3335,2,1355750.0,1211.0,1211.0
ID3335,3,1213900.0,1095.0,1095.0
ID3343,1,1242700.0,1115.0,1115.0
ID3343,2,1193850.0,1071.0,1071.0
ID3343,3,1353150.0,1211.0,1211.0
ID3376,1,1957740.0,7671.5,2466.7
ID3376,2,2620515.0,9360.5,3188.9
ID3376,3,2246665.0,8667.0,2839.0
ID3386,1,2818455.0,9842.5,3409.7
ID3386,2,1879900.0,8317.0,2501.4
ID3386,3,2605985.0,8962.5,3156.1000000000004
ID3409,1,1080500.0,973.0,973.0
ID3409,2,1153600.0,1036.0,1036.0
ID3409,3,1341150.0,1206.0,1206.0
ID3420,1,1194150.0,11857.0,2371.4
ID3420,2,1079790.0,10838.0,2167.6
ID3420,3,936380.0,9343.0,1868.6
ID3425,1,1228780.0,12312.0,2462.4
ID3425,2,1225510.0,12118.0,2423.6
ID3425,3,950370.0,9568.0,1913.6
ID3435,1,966960.0,4208.0,1274.8
ID3435,2,955115.0,5043.5,1371.9
ID3435,3,1134255.0,6172.0,1648.8
ID3447,1,1320050.0,13365.0,2673.0
ID3447,2,1143360.0,11451.0,2290.2000000000003
ID3447,3,1196010.0,11999.0,2399.8
ID3458,1,2645760.0,9161.5,3210.3
ID3458,2,2505090.0,9314.0,3112.4
ID3458,3,2272880.0,8924.5,2857.7
ID3499,1,1007650.0,4602.0,1354.8
ID3499,2,835910.0,4063.5,1150.3
ID3499,3,906170.0,4902.5,1310.1
ID3517,1,3101400.0,2796.0,2796.0
ID3517,2,2635200.0,2386.0,2386.0
ID3517,3,2101350.0,1884.0,1884.0
ID3522,1,940560.0,4515.0,1283.8
ID3522,2,1035020.0,5516.5,1488.5
ID3522,3,943935.0,4515.5,1297.5
ID3529,1,2159860.0,8663.0,2753.0
ID3529,2,2368710.0,8894.5,2952.9
ID3529,3,2144820.0,8791.0,2760.6000000000004
ID3534,1,2322065.0,9321.5,2969.9
ID3534,2,2196265.0,9182.5,2846.5
ID3534,3,2534980.0,9789.0,3204.6
ID3549,1,2938255.0,8424.0,3363.6
ID3549,2,3097585.0,10532.0,3744.0
ID3549,3,2891660.0,8871.0,3365.4
ID3551,1,2165560.0,7677.5,2628.7
ID3551,2,2202800.0,8030.0,2733.2
ID3551,3,2359155.0,8335.0,2875.8
ID3554,1,1010670.0,4315.0,1327.4
ID3554,2,1032660.0,4719.5,1381.5
ID3554,3,1077260.0,5738.5,1549.7
ID3570,1,2370695.0,9083.5,2965.1000000000004
ID3570,2,2215830.0,10148.5,2988.9
ID3570,3,2251445.0,8762.5,2831.7
ID3582,1,1385200.0,13866.0,2773.2000000000003
ID3582,2,1217420.0,12311.0,2462.2
ID3582,3,1355870.0,13533.0,2706.6
ID3590,1,2513395.0,9723.5,3147.5
ID3590,2,2770355.0,8021.5,3156.3
ID3590,3,2394675.0,8233.0,2883.8
ID3607,1,2450440.0,7534.5,2850.5
ID3607,2,2170010.0,9514.5,2880.9
ID3607,3,2363570.0,9116.5,2986.1
ID3631,1,981750.0,4326.5,1302.5
ID3631,2,1049740.0,5357.5,1477.5
ID3631,3,988405.0,4567.0,1327.0
ID3641,1,851445.0,3610.0,1108.8
ID3641,2,990095.0,4955.0,1386.6
ID3641,3,1026790.0,4973.0,1413.4
ID3652,1,2190425.0,6996.5,2568.9
ID3652,2,1910270.0,6751.0,2338.2
ID3652,3,2494380.0,9319.5,3112.3
ID3656,1,1291100.0,12967.0,2593.4
ID3656,2,1288030.0,12854.0,2570.8
ID3656,3,1347990.0,13469.0,2693.8
ID3662,1,1095400.0,990.0,990.0
ID3662,2,1355750.0,1226.0,1226.0
ID3662,3,1108850.0,985.0,985.0
ID3688,1,952470.0,9580.0,1916.0
ID3688,2,1231220.0,12356.0,2471.2
ID3688,3,1384990.0,13852.0,2770.4
ID3689,1,2470560.0,9277.5,3054.3
ID3689,2,2378620.0,7961.0,2835.4
ID3689,3,2443275.0,9179.0,3058.2
ID3715,1,1092810.0,11112.0,2222.4
ID3715,2,798940.0,8000.0,1600.0
ID3715,3,1069070.0,10693.0,2138.6
ID3723,1,1048725.0,5275.5,1464.7
ID3723,2,990085.0,4824.5,1368.5
ID3723,3,1099680.0,5441.5,1521.1
ID3726,1,1107320.0,11180.0,2236.0
ID3726,2,1200850.0,11975.0,2395.0
ID3726,3,1062530.0,10744.0,2148.8
ID3739,1,2103415.0,6988.5,2510.1
ID3739,2,2463430.0,8970.5,3038.5
ID3739,3,2429540.0,10338.0,3168.4
ID3741,1,2155855.0,5224.0,2332.8
ID3741,2,2259865.0,5932.5,2504.9
ID3741,3,2400100.0,6520.5,2690.9
ID3762,1,1040475.0,4873.0,1405.0
ID3762,2,1059265.0,4139.5,1333.5
ID3762,3,915505.0,3986.5,1207.3
ID3767,1,1088800.0,986.0,986.0
ID3767,2,855900.0,767.0,767.0
ID3767,3,1255200.0,1125.0,1125.0
ID3768,1,2517500.0,2265.0,2265.0
ID3768,2,2136350.0,1934.0,1934.0
ID3768,3,2423100.0,2202.0,2202.0
ID3773,1,2708200.0,2456.0,2456.0
ID3773,2,2399850.0,2163.0,2163.0
ID3773,3,2568300.0,2309.0,2309.0
ID3794,1,2760250.0,2488.0,2488.0
ID3794,2,2927050.0,2643.0,2643.0
ID3794,3,2674800.0,2435.0,2435.0
ID3797,1,542240.0,5414.0,1082.8000000000002
ID3797,2,686340.0,6848.0,1369.6
ID3797,3,516810.0,5218.0,1043.6
ID3807,1,1185940.0,11764.0,2352.8
ID3807,2,973120.0,9808.0,1961.6
ID3807,3,1244320.0,12500.0,2500.0
ID3813,1,1005195.0,5067.0,1411.4
ID3813,2,1034530.0,5222.0,1452.4
ID3813,3,992580.0,4406.5,1317.3
ID3815,1,1103700.0,1000.0,1000.0
ID3815,2,1123250.0,1009.0,1009.0
ID3815,3,1275550.0,1159.0,1159.0
ID3839,1,2324260.0,8836.0,2913.6000000000004
ID3839,2,2190760.0,8248.5,2728.9
ID3839,3,2234995.0,8161.5,2741.5
ID3844,1,2307735.0,10157.0,3071.8
ID3844,2,2197625.0,7506.0,2643.2
ID3844,3,2417580.0,9811.0,3113.0
ID3859,1,1121025.0,5466.5,1544.9
ID3859,2,956185.0,4583.0,1315.4
ID3859,3,943305.0,4694.0,1318.8
ID3866,1,2651600.0,9085.5,3207.1
ID3866,2,2151300.0,6928.5,2541.7
ID3866,3,2006950.0,7106.5,2456.5
ID3871,1,2206440.0,8625.0,2798.6000000000004
ID3871,2,2745065.0,8347.5,3207.9
ID3871,3,1914780.0,7726.5,2450.9
ID3874,1,1109200.0,998.0,998.0
ID3874,2,1142350.0,1035.0,1035.0
ID3874,3,1333300.0,1206.0,1206.0
ID3876,1,884950.0,8776.0,1755.2
ID3876,2,1272570.0,12649.0,2529.8
ID3876,3,1469160.0,14447.0,2889.4
ID3881,1,2450280.0,8806.5,2999.7
ID3881,2,1803955.0,8134.5,2393.7
ID3881,3,2546080.0,8386.0,3008.8
ID3899,1,1360700.0,1223.0,1223.0
ID3899,2,1167850.0,1057.0,1057.0
ID3899,3,1334900.0,1204.0,1204.0
ID3910,1,874480.0,8782.0,1756.4
ID3910,2,1165100.0,11596.0,2319.2000000000003
ID3910,3,1225850.0,12236.0,2447.2
ID3922,1,2226635.0,8632.5,2783.3
ID3922,2,2354050.0,9148.0,2976.8
ID3922,3,1964665.0,7477.5,2451.1000000000004
ID3935,1,2260260.0,9098.0,2877.2
ID3935,2,2843520.0,9182.0,3361.2
ID3935,3,2655740.0,9909.5,3287.5
ID3946,1,3200025.0,16799.0,4560.2
ID3946,2,2695320.0,14119.5,3829.1
ID3946,3,3509690.0,15297.0,4639.0
ID3948,1,1388350.0,1250.0,1250.0
ID3948,2,851050.0,781.0,781.0
ID3948,3,1295250.0,1173.0,1173.0
ID3968,1,2617450.0,2369.0,2369.0
ID3968,2,2046300.0,1879.0,1879.0
ID3968,3,2645500.0,2392.0,2392.0
ID3980,1,1087060.0,10814.0,2162.8
ID3980,2,913920.0,8984.0,1796.8
ID3980,3,1265090.0,12719.0,2543.8
ID3985,1,3530325.0,15074.0,4618.0
ID3985,2,3410715.0,13039.5,4257.9
ID3985,3,3048005.0,13435.5,4022.3
ID3999,1,2495565.0,9611.0,3135.0
ID3999,2,2207755.0,6997.5,2581.9
ID3999,3,1933565.0,8456.0,2560.8
ID4003,1,1180875.0,6637.5,1739.9
ID4003,2,1122990.0,6029.0,1615.8
ID4003,3,1227640.0,6452.5,1760.9
ID4005,1,604830.0,5928.0,1185.6
ID4005,2,618020.0,6244.0,1248.8
ID4005,3,639810.0,6426.0,1285.2
ID4010,1,1361950.0,1235.0,1235.0
ID4010,2,1009600.0,905.0,905.0
ID4010,3,1439000.0,1286.0,1286.0
ID4011,1,2167710.0,7624.5,2644.9
ID4011,2,2473730.0,8775.5,3021.9
ID4011,3,2265140.0,7862.5,2751.7
ID4013,1,945745.0,4659.0,1311.8
ID4013,2,1059220.0,5277.5,1482.7
ID4013,3,1095380.0,5987.0,1593.0
ID4014,1,1114760.0,5014.5,1490.9
ID4014,2,1069905.0,5241.5,1483.1
ID4014,3,861050.0,4132.5,1180.5
ID4015,1,5661310.0,17194.5,6568.9
ID4015,2,5997060.0,19329.5,7097.5
ID4015,3,5707695.0,18038.5,6692.1
ID4023,1,2354585.0,9835.0,3041.0
ID4023,2,2616155.0,10246.0,3312.8
ID4023,3,2203525.0,6621.5,2527.1
ID4026,1,668420.0,6703.0,1340.6
ID4026,2,703940.0,7026.0,1405.2
ID4026,3,667620.0,6728.0,1345.6
ID4028,1,942885.0,4087.5,1243.1
ID4028,2,945705.0,4902.0,1344.8
ID4028,3,841275.0,3950.5,1143.7
ID4030,1,931375.0,3999.5,1215.1
ID4030,2,939825.0,4099.0,1237.0
ID4030,3,1104740.0,5378.0,1520.8
ID4035,1,2346050.0,2092.0,2092.0
ID4035,2,2319000.0,2090.0,2090.0
ID4035,3,2249350.0,2033.0,2033.0
ID4041,1,2197950.0,7039.0,2590.2
ID4041,2,2296515.0,6707.5,2641.5
ID4041,3,2276330.0,7534.5,2702.5
ID4057,1,1135955.0,5139.5,1515.9
ID4057,2,955460.0,4508.5,1300.5
ID4057,3,1014525.0,5134.0,1424.0
ID4065,1,2289915.0,7021.5,2660.7
ID4065,2,1970690.0,8474.5,2580.5
ID4065,3,2398825.0,8723.5,2957.1
ID4087,1,2280290.0,8693.5,2867.1
ID4087,2,2582235.0,9450.0,3192.0
ID4087,3,2635330.0,9122.5,3205.7
ID4092,1,1084730.0,10656.0,2131.2
ID4092,2,1201240.0,12113.0,2422.6
ID4092,3,1190390.0,11995.0,2399.0
ID4099,1,2668050.0,2426.0,2426.0
ID4099,2,2720150.0,2445.0,2445.0
ID4099,3,2597950.0,2332.0,2332.0
ID4107,1,1080220.0,5972.5,1583.7
ID4107,2,1001930.0,5121.5,1415.1
ID4107,3,977770.0,4342.0,1301.6
ID4108,1,785200.0,7997.0,1599.4
ID4108,2,1170580.0,11795.0,2359.0
ID4108,3,1180430.0,11677.0,2335.4
ID4109,1,1174000.0,11646.0,2329.2
ID4109,2,1238160.0,12363.0,2472.6
ID4109,3,1298530.0,13061.0,2612.2000000000003
ID4119,1,924540.0,4498.5,1278.5
ID4119,2,936305.0,4543.0,1284.2
ID4119,3,954915.0,4315.0,1283.8
ID4138,1,2661050.0,2389.0,2389.0
ID4138,2,2138200.0,1951.0,1951.0
ID4138,3,2670000.0,2415.0,2415.0
ID4158,1,2482470.0,10178.5,3196.9
ID4158,2,2473390.0,8054.0,2929.6
ID4158,3,2513465.0,9716.5,3182.9
ID4159,1,2321945.0,8849.5,2896.3
ID4159,2,2481420.0,7359.0,2867.4
ID4159,3,2248585.0,8668.5,2819.7
ID4170,1,2999500.0,2714.0,2714.0
ID4170,2,2304550.0,2054.0,2054.0
ID4170,3,2303150.0,2059.0,2059.0
ID4172,1,2248045.0,8794.0,2864.4
ID4172,2,2430375.0,8686.0,2954.8
ID4172,3,2662080.0,9809.5,3276.7
ID4173,1,1030645.0,4845.5,1400.7
ID4173,2,1060730.0,5053.0,1451.0
ID4173,3,1024890.0,5029.0,1420.2
ID4176,1,2845800.0,2573.0,2573.0
ID4176,2,2861000.0,2582.0,2582.0
ID4176,3,2777700.0,2501.0,2501.0
ID4179,1,2828500.0,2572.0,2572.0
ID4179,2,2628350.0,2391.0,2391.0
ID4179,3,2846050.0,2555.0,2555.0
ID4192,1,927400.0,9239.0,1847.8
ID4192,2,1354860.0,13737.0,2747.4
ID4192,3,1341730.0,13309.0,2661.8
ID4195,1,995155.0,4764.0,1362.4
ID4195,2,1055390.0,5316.0,1479.6
ID4195,3,1048160.0,5225.5,1465.1
ID4205,1,1006010.0,4885.5,1386.3
ID4205,2,994495.0,5768.5,1487.7
ID4205,3,1010995.0,4777.5,1383.5
ID4214,1,726630.0,7351.0,1470.2
ID4214,2,583750.0,5837.0,1167.4
ID4214,3,746530.0,7437.0,1487.4
ID4230,1,2332815.0,8941.0,2956.6000000000004
ID4230,2,2462630.0,8944.5,3020.9
ID4230,3,2449110.0,7731.5,2855.9
ID4231,1,1213600.0,1095.0,1095.0
ID4231,2,1132800.0,1030.0,1030.0
ID4231,3,1246350.0,1134.0,1134.0
ID4232,1,2584000.0,2339.0,2339.0
ID4232,2,2603950.0,2336.0,2336.0
ID4232,3,2141400.0,1950.0,1950.0
ID4255,1,1026535.0,5437.0,1483.0
ID4255,2,982410.0,4702.0,1354.4
ID4255,3,1115165.0,5608.0,1561.6
ID4271,1,1028715.0,5536.5,1484.1
ID4271,2,952755.0,4767.0,1330.6
ID4271,3,1003935.0,4746.5,1377.3
ID4281,1,699820.0,7041.0,1408.2
ID4281,2,709620.0,7092.0,1418.4
ID4281,3,748000.0,7378.0,1475.6
ID4284,1,2534390.0,9264.0,3114.4
ID4284,2,2330285.0,7654.5,2780.5
ID4284,3,2158980.0,8869.0,2797.8
ID4299,1,1450030.0,14513.0,2902.6
ID4299,2,1320170.0,13103.0,2620.6
ID4299,3,1049800.0,10586.0,2117.2
ID4301,1,809500.0,730.0,730.0
ID4301,2,978300.0,870.0,870.0
ID4301,3,1331850.0,1193.0,1193.0
ID4302,1,972635.0,3787.0,1235.4
ID4302,2,886360.0,4139.5,1200.7
ID4302,3,981130.0,5033.5,1386.7
ID4323,1,664280.0,6581.0,1316.2
ID4323,2,660510.0,6543.0,1308.6
ID4323,3,620780.0,6250.0,1250.0
ID4343,1,2159650.0,8153.5,2694.7
ID4343,2,2452050.0,9726.5,3119.7
ID4343,3,2621985.0,9439.5,3219.5
ID4352,1,974150.0,876.0,876.0
ID4352,2,1024500.0,925.0,925.0
ID4352,3,1098550.0,991.0,991.0
ID4360,1,2190735.0,7687.0,2647.4
ID4360,2,2387460.0,8956.5,2982.5
ID4360,3,2841045.0,9414.5,3392.1000000000004
ID4365,1,903280.0,8949.0,1789.8
ID4365,2,1160790.0,11609.0,2321.8
ID4365,3,1136770.0,11421.0,2284.2000000000003
ID4366,1,1448440.0,14361.0,2872.2
ID4366,2,1100530.0,10988.0,2197.6
ID4366,3,1511160.0,14955.0,2991.0
ID4367,1,710950.0,7185.0,1437.0
ID4367,2,726450.0,7224.0,1444.8
ID4367,3,653370.0,6536.0,1307.2
ID4368,1,1191800.0,1076.0,1076.0
ID4368,2,1360650.0,1230.0,1230.0
ID4368,3,1445950.0,1303.0,1303.0
ID4384,1,969990.0,5282.5,1406.9
ID4384,2,1008065.0,5021.0,1405.4
ID4384,3,860015.0,3803.5,1143.5
ID4389,1,2334550.0,2104.0,2104.0
ID4389,2,2039700.0,1843.0,1843.0
ID4389,3,3242400.0,2926.0,2926.0
ID4394,1,662950.0,6729.0,1345.8
ID4394,2,716100.0,7286.0,1457.2
ID4394,3,746840.0,7412.0,1482.4
ID4395,1,1227810.0,12233.0,2446.6
ID4395,2,1065630.0,10726.0,2145.2000000000003
ID4395,3,1014960.0,10309.0,2061.8
ID4419,1,2709600.0,2439.0,2439.0
ID4419,2,2674600.0,2413.0,2413.0
ID4419,3,2584550.0,2327.0,2327.0
ID4432,1,979930.0,4492.5,1317.3
ID4432,2,1022530.0,4402.0,1346.8
ID4432,3,979445.0,5028.5,1389.3
ID4434,1,521120.0,5236.0,1047.2
ID4434,2,719410.0,7216.0,1443.2
ID4434,3,547540.0,5458.0,1091.6
ID4469,1,1158900.0,1046.0,1046.0
ID4469,2,1285500.0,1158.0,1158.0
ID4469,3,1228450.0,1103.0,1103.0
ID4473,1,2054650.0,1862.0,1862.0
ID4473,2,2187600.0,1966.0,1966.0
ID4473,3,2426350.0,2188.0,2188.0
ID4487,1,2630975.0,9863.5,3271.5
ID4487,2,2838025.0,10397.0,3493.4
ID4487,3,2027505.0,7096.5,2472.1
ID4505,1,2596365.0,8766.0,3113.2
ID4505,2,1981020.0,6728.5,2393.3
ID4505,3,2364735.0,7346.0,2757.6000000000004
ID4506,1,1069200.0,956.0,956.0
ID4506,2,1176100.0,1050.0,1050.0
ID4506,3,1339550.0,1209.0,1209.0
ID4520,1,2291070.0,5336.5,2464.5
ID4520,2,1991690.0,4594.0,2128.0
ID4520,3,2079380.0,5658.5,2352.1
ID4527,1,2508750.0,2278.0,2278.0
ID4527,2,2777050.0,2495.0,2495.0
ID4527,3,2874800.0,2594.0,2594.0
ID4532,1,949230.0,3631.5,1184.3
ID4532,2,844875.0,4290.0,1192.0
ID4532,3,976055.0,4609.5,1333.1
ID4542,1,2019090.0,8611.5,2618.3
ID4542,2,2340140.0,7910.5,2787.3
ID4542,3,2844345.0,10169.5,3483.5
ID4545,1,1209500.0,1079.0,1079.0
ID4545,2,1434150.0,1281.0,1281.0
ID4545,3,1213100.0,1099.0,1099.0
ID4548,1,1031615.0,5117.0,1429.8
ID4548,2,1106080.0,5446.0,1532.0
ID4548,3,1039705.0,5136.5,1444.5
ID4557,1,2400950.0,2168.0,2168.0
ID4557,2,2647800.0,2395.0,2395.0
ID4557,3,2243400.0,2033.0,2033.0
ID4584,1,2273600.0,2049.0,2049.0
ID4584,2,2260800.0,2031.0,2031.0
ID4584,3,2274150.0,2041.0,2041.0
ID4587,1,2151440.0,8137.0,2667.8
ID4587,2,2315460.0,7714.5,2774.9
ID4587,3,2973125.0,9732.5,3522.9
ID4601,1,2202940.0,9399.0,2881.4
ID4601,2,2306305.0,9202.0,2942.8
ID4601,3,2443325.0,9118.5,3038.5
ID4606,1,2361360.0,9015.0,2955.8
ID4606,2,2207390.0,8572.5,2790.9
ID4606,3,2570790.0,9890.5,3235.7
ID4613,1,1118080.0,5040.0,1489.2
ID4613,2,992365.0,4649.5,1347.1
ID4613,3,918850.0,5026.0,1336.0
ID4622,1,1076350.0,966.0,966.0
ID4622,2,1191200.0,1105.0,1105.0
ID4622,3,1086250.0,984.0,984.0
ID4625,1,1171760.0,11697.0,2339.4
ID4625,2,1367740.0,13801.0,2760.2000000000003
ID4625,3,1331100.0,13248.0,2649.6
ID4669,1,1121100.0,1015.0,1015.0
ID4669,2,1071050.0,964.0,964.0
ID4669,3,1114850.0,1011.0,1011.0
ID4675,1,2766050.0,2491.0,2491.0
ID4675,2,2572750.0,2305.0,2305.0
ID4675,3,2538150.0,2261.0,2261.0
ID4678,1,2861950.0,2577.0,2577.0
ID4678,2,2829250.0,2542.0,2542.0
ID4678,3,2398000.0,2171.0,2171.0
ID4692,1,2461250.0,2250.0,2250.0
ID4692,2,2174600.0,1983.0,1983.0
ID4692,3,2519150.0,2273.0,2273.0
ID4699,1,2309650.0,2084.0,2084.0
ID4699,2,2239700.0,2012.0,2012.0
ID4699,3,2775250.0,2511.0,2511.0
ID4716,1,2148880.0,6928.0,2535.2
ID4716,2,2166705.0,7567.0,2642.2
ID4716,3,2208385.0,7025.0,2585.8
ID4722,1,1518420.0,15155.0,3031.0
ID4722,2,1418240.0,14135.0,2827.0
ID4722,3,1231070.0,12373.0,2474.6
ID4734,1,1313890.0,13117.0,2623.4
ID4734,2,1418870.0,14161.0,2832.2000000000003
ID4734,3,1155090.0,11513.0,2302.6
ID4752,1,1338060.0,13352.0,2670.4
ID4752,2,907370.0,9198.0,1839.6
ID4752,3,1003740.0,10180.0,2036.0
ID4755,1,1091905.0,5656.5,1548.5
ID4755,2,1067775.0,5840.5,1550.9
ID4755,3,890510.0,3791.5,1168.7
ID4775,1,1239750.0,1122.0,1122.0
ID4775,2,874050.0,787.0,787.0
ID4775,3,1274300.0,1155.0,1155.0
ID4779,1,603080.0,5993.0,1198.6
ID4779,2,709110.0,7057.0,1411.4
ID4779,3,776980.0,7776.0,1555.2
ID4785,1,2130100.0,1927.0,1927.0
ID4785,2,1693350.0,1534.0,1534.0
ID4785,3,2588850.0,2302.0,2302.0
ID4786,1,2787950.0,2503.0,2503.0
ID4786,2,2935500.0,2677.0,2677.0
ID4786,3,2544150.0,2276.0,2276.0
ID4794,1,2026700.0,1821.0,1821.0
ID4794,2,2377300.0,2157.0,2157.0
ID4794,3,2462750.0,2251.0,2251.0
ID4800,1,936130.0,4346.0,1257.6
ID4800,2,1031490.0,5105.5,1431.5
ID4800,3,1049915.0,5343.5,1480.7
ID4810,1,2852215.0,8769.0,3328.2
ID4810,2,2697230.0,8626.0,3180.0
ID4810,3,2241215.0,8103.5,2759.9
ID4811,1,2333600.0,2121.0,2121.0
ID4811,2,2096500.0,1890.0,1890.0
ID4811,3,2724950.0,2460.0,2460.0
ID4831,1,2495830.0,9365.0,3097.0
ID4831,2,2350445.0,6550.0,2646.0
ID4831,3,2490550.0,8441.0,2979.8
ID4857,1,2448100.0,2198.0,2198.0
ID4857,2,2464850.0,2223.0,2223.0
ID4857,3,2848950.0,2565.0,2565.0
ID4859,1,2388250.0,2170.0,2170.0
ID4859,2,3123400.0,2810.0,2810.0
ID4859,3,2919600.0,2638.0,2638.0
ID4862,1,997540.0,5049.0,1392.6
ID4862,2,958875.0,4063.5,1246.7
ID4862,3,1040600.0,5053.5,1433.1
ID4865,1,2311055.0,8089.5,2794.7
ID4865,2,2331545.0,8714.5,2896.1000000000004
ID4865,3,2164430.0,8014.0,2677.2
ID4875,1,2478800.0,2226.0,2226.0
ID4875,2,2428700.0,2164.0,2164.0
ID4875,3,2538600.0,2288.0,2288.0
ID4878,1,2188825.0,7731.0,2691.0
ID4878,2,2383050.0,9366.5,3030.5
ID4878,3,2734720.0,10587.5,3441.5
ID4883,1,688630.0,6825.0,1365.0
ID4883,2,670270.0,6805.0,1361.0
ID4883,3,626210.0,6243.0,1248.6
ID4895,1,2118750.0,1910.0,1910.0
ID4895,2,2834200.0,2542.0,2542.0
ID4895,3,2292750.0,2067.0,2067.0
ID4902,1,1194750.0,1089.0,1089.0
ID4902,2,1041450.0,929.0,929.0
ID4902,3,1055350.0,945.0,945.0
ID4908,1,2621485.0,8645.5,3131.9
ID4908,2,2629015.0,9804.5,3270.9
ID4908,3,2373220.0,9057.0,2964.2
ID4920,1,1327000.0,13308.0,2661.6
ID4920,2,1166400.0,11668.0,2333.6
ID4920,3,965880.0,9490.0,1898.0
ID4924,1,2320685.0,7339.5,2726.7
ID4924,2,2404170.0,9060.0,2992.0
ID4924,3,2125870.0,7835.0,2619.4
ID4931,1,2492200.0,2233.0,2233.0
ID4931,2,2259700.0,2048.0,2048.0
ID4931,3,2745750.0,2472.0,2472.0
ID4951,1,2361550.0,2120.0,2120.0
ID4951,2,2686950.0,2377.0,2377.0
ID4951,3,2584400.0,2320.0,2320.0
ID4958,1,646060.0,6470.0,1294.0
ID4958,2,472230.0,4638.0,927.6
ID4958,3,533990.0,5342.0,1068.4
ID4960,1,1155055.0,5951.0,1637.0
ID4960,2,1010650.0,4552.0,1349.2
ID4960,3,1038265.0,4788.5,1402.5
ID4962,1,1064900.0,5626.5,1520.9
ID4962,2,993615.0,4750.0,1364.8
ID4962,3,1070560.0,4938.5,1440.1
ID4975,1,1161090.0,11672.0,2334.4
ID4975,2,1286350.0,12817.0,2563.4
ID4975,3,1253150.0,12371.0,2474.2
ID4976,1,601100.0,5998.0,1199.6
ID4976,2,761690.0,7535.0,1507.0
ID4976,3,750070.0,7497.0,1499.4
ID4978,1,2392115.0,9297.0,3017.0
ID4978,2,2066060.0,7939.0,2597.8
ID4978,3,2469180.0,9234.5,3042.1
ID4984,1,895550.0,4309.0,1225.4
ID4984,2,884685.0,3703.0,1144.2
ID4984,3,845275.0,3553.0,1097.8
ID5002,1,1064950.0,951.0,951.0
ID5002,2,1396550.0,1253.0,1253.0
ID5002,3,1053250.0,941.0,941.0
ID5003,1,1107990.0,5476.5,1539.3
ID5003,2,1097780.0,5283.5,1505.9
ID5003,3,902530.0,5051.5,1327.5
ID5021,1,1285540.0,12872.0,2574.4
ID5021,2,1091840.0,10701.0,2140.2000000000003
ID5021,3,1084860.0,10986.0,2197.2
ID5023,1,2397620.0,9542.5,3042.9
ID5023,2,2291200.0,8375.5,2839.1000000000004
ID5023,3,2537480.0,8812.0,3042.4
ID5036,1,2242400.0,1992.0,1992.0
ID5036,2,2096850.0,1879.0,1879.0
ID5036,3,2491050.0,2227.0,2227.0
ID5062,1,2348965.0,8350.0,2850.0
ID5062,2,2420275.0,7891.5,2869.9
ID5062,3,2538465.0,8725.5,3056.3
ID5099,1,597670.0,5956.0,1191.2
ID5099,2,706310.0,7062.0,1412.4
ID5099,3,639530.0,6507.0,1301.4
ID5106,1,2754450.0,2486.0,2486.0
ID5106,2,2668250.0,2411.0,2411.0
ID5106,3,2427850.0,2188.0,2188.0
ID5121,1,2768385.0,9184.0,3312.8
ID5121,2,2229810.0,9456.0,2926.4
ID5121,3,2739885.0,7317.5,3042.3
ID5124,1,2442025.0,9095.0,3029.8
ID5124,2,2671335.0,10005.0,3324.2
ID5124,3,1984500.0,9673.5,2741.5
ID5134,1,1061130.0,10571.0,2114.2
ID5134,2,1247210.0,12349.0,2469.8
ID5134,3,1135800.0,11279.0,2255.8
ID5152,1,1201650.0,11839.0,2367.8
ID5152,2,1198550.0,12125.0,2425.0
ID5152,3,1042570.0,10398.0,2079.6000000000004
ID5158,1,612430.0,6031.0,1206.2
ID5158,2,576190.0,5810.0,1162.0
ID5158,3,609830.0,6039.0,1207.8
ID5163,1,2311465.0,9453.0,2992.2
ID5163,2,2298755.0,9247.0,2935.0
ID5163,3,2675260.0,10795.0,3411.8
ID5166,1,2213500.0,1981.0,1981.0
ID5166,2,2525700.0,2265.0,2265.0
ID5166,3,1874700.0,1664.0,1664.0
ID5176,1,891110.0,4445.0,1250.2
ID5176,2,877170.0,3689.5,1134.7
ID5176,3,1023050.0,4823.0,1393.8
ID5178,1,2434080.0,8993.5,3002.3
ID5178,2,2060560.0,6807.0,2469.8
ID5178,3,2455815.0,8922.0,2994.0
ID5189,1,895230.0,3676.5,1152.9
ID5189,2,1042545.0,5474.0,1483.6
ID5189,3,1031585.0,4866.5,1406.9
ID5199,1,1179750.0,11833.0,2366.6
ID5199,2,1138760.0,11423.0,2284.6
ID5199,3,929520.0,9498.0,1899.6
ID5207,1,2372855.0,7760.0,2812.4
ID5207,2,2107160.0,7227.0,2540.2
ID5207,3,2171955.0,6451.5,2509.5
ID5211,1,1197050.0,1075.0,1075.0
ID5211,2,1284200.0,1164.0,1164.0
ID5211,3,1169100.0,1066.0,1066.0
ID5224,1,1015525.0,4761.0,1372.2
ID5224,2,961925.0,4404.0,1289.6
ID5224,3,1082775.0,5474.5,1517.7
ID5229,1,799590.0,7992.0,1598.4
ID5229,2,576960.0,5786.0,1157.2
ID5229,3,687730.0,6930.0,1386.0
ID5233,1,2444850.0,10631.5,3203.1
ID5233,2,2730205.0,8113.5,3133.9
ID5233,3,2321180.0,7886.5,2794.5
ID5248,1,2695605.0,10713.0,3433.0
ID5248,2,2353390.0,8858.5,2929.3
ID5248,3,2147055.0,7828.0,2630.8
ID5250,1,1062410.0,10666.0,2133.2
ID5250,2,1117420.0,11240.0,2248.0
ID5250,3,1060310.0,10732.0,2146.4
ID5264,1,1093400.0,975.0,975.0
ID5264,2,1096050.0,994.0,994.0
ID5264,3,1478900.0,1332.0,1332.0
ID5287,1,1964050.0,7066.0,2411.6
ID5287,2,2144965.0,7535.0,2593.8
ID5287,3,2272395.0,8735.0,2857.8
ID5295,1,1231260.0,12318.0,2463.6
ID5295,2,1147080.0,11639.0,2327.8
ID5295,3,1093240.0,10903.0,2180.6
ID5306,1,536760.0,5412.0,1082.4
ID5306,2,751560.0,7619.0,1523.8
ID5306,3,832000.0,8332.0,1666.4
ID5322,1,1019905.0,5263.5,1447.1
ID5322,2,863545.0,3720.0,1138.0
ID5322,3,957670.0,4132.5,1256.5
ID5330,1,2095600.0,1908.0,1908.0
ID5330,2,2254950.0,2034.0,2034.0
ID5330,3,2324550.0,2070.0,2070.0
ID5340,1,1060830.0,10582.0,2116.4
ID5340,2,1100970.0,11087.0,2217.4
ID5340,3,1419180.0,14317.0,2863.4
ID5341,1,2316100.0,2130.0,2130.0
ID5341,2,2214900.0,1999.0,1999.0
ID5341,3,2317500.0,2087.0,2087.0
ID5346,1,970620.0,4865.5,1365.9
ID5346,2,1011120.0,4461.0,1338.2
ID5346,3,902905.0,3977.5,1201.9
ID5355,1,1012780.0,5270.5,1443.7
ID5355,2,952945.0,4728.0,1328.0
ID5355,3,906640.0,4347.5,1248.7
ID5357,1,2350850.0,8901.0,2932.6000000000004
ID5357,2,1952825.0,6710.5,2356.5
ID5357,3,2442925.0,8229.5,2932.3
ID5381,1,1229400.0,1109.0,1109.0
ID5381,2,1563650.0,1397.0,1397.0
ID5381,3,1225500.0,1100.0,1100.0
ID5386,1,2353850.0,2113.0,2113.0
ID5386,2,2421900.0,2185.0,2185.0
ID5386,3,2938150.0,2645.0,2645.0
ID5388,1,2795500.0,2525.0,2525.0
ID5388,2,2411850.0,2173.0,2173.0
ID5388,3,2594650.0,2344.0,2344.0
ID5390,1,2901120.0,8991.5,3364.7
ID5390,2,2497995.0,7881.0,2921.0
ID5390,3,2072835.0,7826.5,2592.1
ID5393,1,1290250.0,1170.0,1170.0
ID5393,2,1176500.0,1059.0,1059.0
ID5393,3,1112100.0,997.0,997.0
ID5400,1,2693550.0,2418.0,2418.0
ID5400,2,2616200.0,2364.0,2364.0
ID5400,3,2518800.0,2269.0,2269.0
ID5407,1,2054425.0,8027.5,2586.7
ID5407,2,2030440.0,9286.0,2717.6
ID5407,3,2162540.0,7485.5,2594.3
ID5426,1,2384315.0,8263.5,2870.3
ID5426,2,1884075.0,6440.0,2268.8
ID5426,3,2368525.0,7809.5,2817.9
ID5432,1,1159200.0,1049.0,1049.0
ID5432,2,1373650.0,1242.0,1242.0
ID5432,3,1369500.0,1229.0,1229.0
ID5436,1,690930.0,6886.0,1377.2
ID5436,2,574870.0,5801.0,1160.2
ID5436,3,829000.0,8230.0,1646.0
ID5440,1,1129850.0,1023.0,1023.0
ID5440,2,1170250.0,1059.0,1059.0
ID5440,3,1004850.0,904.0,904.0
ID5446,1,2719400.0,2458.0,2458.0
ID5446,2,2353150.0,2145.0,2145.0
ID5446,3,2317600.0,2080.0,2080.0
ID5458,1,2236580.0,9677.0,2940.6000000000004
ID5458,2,2326680.0,8323.0,2852.6
ID5458,3,2197785.0,10215.5,2952.7
ID5463,1,2018550.0,8658.0,2632.8
ID5463,2,2701945.0,10182.0,3349.6000000000004
ID5463,3,2185065.0,8114.5,2701.7
ID5468,1,2472700.0,2230.0,2230.0
ID5468,2,3099000.0,2799.0,2799.0
ID5468,3,2390000.0,2159.0,2159.0
ID5498,1,2448010.0,8884.5,3015.7
ID5498,2,2264370.0,9402.5,2950.5
ID5498,3,1857580.0,7345.0,2351.0
ID5499,1,1363820.0,13507.0,2701.4
ID5499,2,1119270.0,11148.0,2229.6
ID5499,3,723800.0,7310.0,1462.0
ID5501,1,1274100.0,1156.0,1156.0
ID5501,2,1156950.0,1040.0,1040.0
ID5501,3,1004900.0,908.0,908.0
ID5518,1,652450.0,6602.0,1320.4
ID5518,2,621430.0,6264.0,1252.8
ID5518,3,737590.0,7367.0,1473.4
ID5520,1,2435730.0,8393.5,2938.3
ID5520,2,2363120.0,9082.0,2968.4
ID5520,3,2200105.0,7609.5,2652.7
ID5532,1,1160850.0,1045.0,1045.0
ID5532,2,1140350.0,1034.0,1034.0
ID5532,3,1264600.0,1144.0,1144.0
ID5538,1,2201350.0,1986.0,1986.0
ID5538,2,2547800.0,2265.0,2265.0
ID5538,3,2522450.0,2288.0,2288.0
ID5556,1,1321840.0,13170.0,2634.0
ID5556,2,1061770.0,10666.0,2133.2000000000003
ID5556,3,1387480.0,13804.0,2760.8
ID5557,1,2521700.0,2309.0,2309.0
ID5557,2,2687050.0,2419.0,2419.0
ID5557,3,3070650.0,2762.0,2762.0
ID5561,1,903290.0,9020.0,1804.0
ID5561,2,1002340.0,10029.0,2005.8
ID5561,3,1086800.0,10890.0,2178.0
ID5562,1,1386450.0,1258.0,1258.0
ID5562,2,1177600.0,1065.0,1065.0
ID5562,3,1427350.0,1293.0,1293.0
ID5563,1,1258635.0,7724.0,1928.4
ID5563,2,1477265.0,9251.0,2295.4
ID5563,3,1218115.0,7890.0,1924.8
ID5566,1,2473170.0,8119.0,2938.6000000000004
ID5566,2,1869450.0,6631.0,2283.8
ID5566,3,2222435.0,7408.0,2657.6
ID5579,1,1075450.0,10667.0,2133.4
ID5579,2,1057320.0,10513.0,2102.6
ID5579,3,1100130.0,10976.0,2195.2
ID5591,1,959630.0,9522.0,1904.4
ID5591,2,1348230.0,13418.0,2683.6
ID5591,3,1035030.0,10339.0,2067.8
ID5606,1,1205440.0,12180.0,2436.0
ID5606,2,1174370.0,11934.0,2386.8
ID5606,3,1016960.0,10042.0,2008.4
ID5618,1,2116050.0,1908.0,1908.0
ID5618,2,2544050.0,2278.0,2278.0
ID5618,3,2747750.0,2455.0,2455.0
ID5627,1,2624865.0,10148.5,3304.1000000000004
ID5627,2,2436825.0,9585.5,3100.3
ID5627,3,2342445.0,10360.0,3103.6
ID5641,1,2616325.0,9567.0,3230.6
ID5641,2,2367160.0,9955.5,3071.9
ID5641,3,2441820.0,9087.0,3047.0
ID5642,1,1030920.0,6283.5,1579.9
ID5642,2,948425.0,4849.0,1341.8
ID5642,3,967295.0,3356.0,1164.8
ID5643,1,1370330.0,13808.0,2761.6
ID5643,2,855050.0,8681.0,1736.2
ID5643,3,1284980.0,12843.0,2568.6
ID5646,1,2037010.0,7966.5,2574.1
ID5646,2,2162025.0,7637.0,2649.4
ID5646,3,2538255.0,11327.5,3367.9
ID5654,1,2648250.0,2367.0,2367.0
ID5654,2,2786850.0,2500.0,2500.0
ID5654,3,2321500.0,2080.0,2080.0
ID5655,1,2455350.0,2220.0,2220.0
ID5655,2,2363400.0,2111.0,2111.0
ID5655,3,2191600.0,1977.0,1977.0
ID5662,1,2412820.0,8921.0,2975.8
ID5662,2,2281955.0,8668.5,2834.9
ID5662,3,2808430.0,9015.0,3311.8
ID5677,1,2053700.0,1865.0,1865.0
ID5677,2,2603200.0,2344.0,2344.0
ID5677,3,2790650.0,2513.0,2513.0
ID5679,1,2289300.0,2064.0,2064.0
ID5679,2,2809950.0,2508.0,2508.0
ID5679,3,2794850.0,2514.0,2514.0
ID5712,1,872665.0,4336.5,1218.5
ID5712,2,956045.0,4094.0,1253.6
ID5712,3,987270.0,4423.5,1312.3
ID5720,1,1093750.0,990.0,990.0
ID5720,2,1360750.0,1222.0,1222.0
ID5720,3,1352550.0,1211.0,1211.0
ID5726,1,1109050.0,987.0,987.0
ID5726,2,1318650.0,1184.0,1184.0
ID5726,3,1266300.0,1129.0,1129.0
ID5728,1,2578095.0,9719.0,3213.0
ID5728,2,2116840.0,9138.0,2779.2
ID5728,3,2280045.0,7791.0,2734.6
ID5758,1,2682040.0,10015.5,3323.9
ID5758,2,2158675.0,7360.0,2617.2
ID5758,3,2139805.0,7159.5,2563.1000000000004
ID5770,1,1990595.0,7968.5,2517.7
ID5770,2,2514810.0,9940.5,3200.5
ID5770,3,2274415.0,7948.5,2772.9
ID5772,1,2439800.0,2208.0,2208.0
ID5772,2,2220000.0,2011.0,2011.0
ID5772,3,1646150.0,1467.0,1467.0
ID5781,1,1475250.0,1331.0,1331.0
ID5781,2,948100.0,862.0,862.0
ID5781,3,1067600.0,956.0,956.0
ID5792,1,893795.0,3926.5,1174.1
ID5792,2,961770.0,4254.5,1275.7
ID5792,3,1025285.0,4981.0,1407.0
ID5797,1,1248050.0,12503.0,2500.6
ID5797,2,1218270.0,12113.0,2422.6
ID5797,3,1188260.0,11835.0,2367.0
ID5799,1,2815050.0,2532.0,2532.0
ID5799,2,2649800.0,2388.0,2388.0
ID5799,3,2410950.0,2162.0,2162.0
ID5825,1,532570.0,5334.0,1066.8
ID5825,2,532480.0,5312.0,1062.4
ID5825,3,654590.0,6472.0,1294.4
ID5839,1,2715475.0,8645.5,3189.1
ID5839,2,2283455.0,8940.0,2882.8
ID5839,3,2326800.0,8611.0,2898.6
ID5840,1,1249000.0,1134.0,1134.0
ID5840,2,1296300.0,1169.0,1169.0
ID5840,3,1226800.0,1098.0,1098.0
ID5842,1,941050.0,4298.0,1269.6
ID5842,2,921790.0,4059.5,1213.9
ID5842,3,1020245.0,4979.5,1404.7
ID5858,1,1105570.0,11078.0,2215.6
ID5858,2,938850.0,9470.0,1894.0
ID5858,3,1230370.0,12235.0,2447.0
ID5859,1,2587940.0,25766.0,5153.2
ID5859,2,2913070.0,29019.0,5803.8
ID5859,3,2331660.0,23308.0,4661.6
ID5867,1,950945.0,4803.5,1334.3
ID5867,2,920650.0,3943.0,1203.4
ID5867,3,1028185.0,4819.5,1395.9
ID5868,1,810770.0,8080.0,1616.0
ID5868,2,611420.0,6039.0,1207.8
ID5868,3,698900.0,6949.0,1389.8
ID5879,1,988210.0,9827.0,1965.4
ID5879,2,1406810.0,14193.0,2838.6
ID5879,3,1264540.0,12628.0,2525.6
ID5884,1,953830.0,4099.5,1252.3
ID5884,2,962175.0,5245.5,1401.9
ID5884,3,1219365.0,6050.5,1699.3000000000002
ID5889,1,666260.0,6694.0,1338.8
ID5889,2,721730.0,7227.0,1445.4
ID5889,3,671150.0,6592.0,1318.4
ID5899,1,2352435.0,9480.5,2989.3
ID5899,2,2501660.0,9937.0,3202.6
ID5899,3,2371790.0,8495.5,2884.3
ID5913,1,2914155.0,13031.5,3881.5
ID5913,2,3506275.0,13945.0,4467.8
ID5913,3,3291655.0,12954.0,4169.6
ID5926,1,882755.0,4049.0,1191.4
ID5926,2,929245.0,4198.5,1241.7
ID5926,3,882705.0,3638.5,1142.9
ID5934,1,1057330.0,4887.5,1428.7
ID5934,2,1023705.0,4798.5,1386.5
ID5934,3,1071960.0,5293.0,1484.6
ID5939,1,2641400.0,2378.0,2378.0
ID5939,2,2862950.0,2588.0,2588.0
ID5939,3,2279600.0,2054.0,2054.0
ID5942,1,1057100.0,952.0,952.0
ID5942,2,1281700.0,1156.0,1156.0
ID5942,3,1162600.0,1039.0,1039.0
ID5959,1,1035455.0,4666.5,1387.3
ID5959,2,1009445.0,4747.5,1371.9
ID5959,3,923110.0,3933.0,1202.6
ID5967,1,971905.0,4037.5,1258.3
ID5967,2,1035445.0,4990.5,1417.3
ID5967,3,918970.0,4237.5,1241.1
ID5971,1,785420.0,7873.0,1574.6
ID5971,2,853870.0,8576.0,1715.2
ID5971,3,522170.0,5209.0,1041.8
ID5979,1,2839185.0,9522.5,3400.1000000000004
ID5979,2,2523845.0,8534.0,3034.4
ID5979,3,1989260.0,7187.0,2435.0
ID5985,1,1248050.0,1110.0,1110.0
ID5985,2,1209450.0,1074.0,1074.0
ID5985,3,1072000.0,976.0,976.0
ID6020,1,1081115.0,5068.5,1469.3
ID6020,2,1033730.0,5369.0,1467.0
ID6020,3,890835.0,4225.5,1213.5
ID6025,1,1109030.0,10872.0,2174.4
ID6025,2,1187820.0,11920.0,2384.0
ID6025,3,1235750.0,12441.0,2488.2000000000003
ID6026,1,1306940.0,12996.0,2599.2000000000003
ID6026,2,1165630.0,11635.0,2327.0
ID6026,3,1192660.0,12034.0,2406.8
ID6031,1,2552850.0,9712.0,3187.6
ID6031,2,2379120.0,8756.0,2957.2
ID6031,3,2229800.0,7507.5,2662.3
ID6037,1,1242900.0,1122.0,1122.0
ID6037,2,1174600.0,1055.0,1055.0
ID6037,3,1328850.0,1205.0,1205.0
ID6038,1,614220.0,6213.0,1242.6
ID6038,2,661760.0,6748.0,1349.6
ID6038,3,625470.0,6349.0,1269.8
ID6039,1,1056980.0,10568.0,2113.6
ID6039,2,1275720.0,12731.0,2546.2000000000003
ID6039,3,1129970.0,11233.0,2246.6
ID6046,1,2143870.0,8487.0,2713.4
ID6046,2,2381520.0,10439.0,3148.2
ID6046,3,2260900.0,7781.0,2731.8
ID6052,1,1032685.0,5388.5,1472.9
ID6052,2,989150.0,4534.5,1327.3
ID6052,3,1054925.0,5443.5,1492.3
ID6055,1,2025970.0,20215.0,4043.0
ID6055,2,2165550.0,21806.0,4361.2
ID6055,3,2296950.0,22927.0,4585.4
ID6078,1,2617655.0,8253.5,3075.5
ID6078,2,2492275.0,10177.5,3215.9
ID6078,3,2364210.0,8479.5,2884.3
ID6080,1,2628050.0,2380.0,2380.0
ID6080,2,2654050.0,2375.0,2375.0
ID6080,3,2706200.0,2451.0,2451.0
ID6089,1,2628770.0,10297.0,3335.0
ID6089,2,2114280.0,7759.5,2615.1
ID6089,3,2687040.0,8635.0,3176.2
ID6094,1,933510.0,9448.0,1889.6
ID6094,2,1069010.0,10675.0,2135.0
ID6094,3,1235130.0,12295.0,2459.0
ID6103,1,1053900.0,962.0,962.0
ID6103,2,1334450.0,1208.0,1208.0
ID6103,3,916650.0,838.0,838.0
ID6105,1,1016440.0,10279.0,2055.8
ID6105,2,1324130.0,13440.0,2688.0
ID6105,3,1196520.0,12009.0,2401.8
ID6126,1,1179680.0,11773.0,2354.6
ID6126,2,1169240.0,11634.0,2326.8
ID6126,3,1235040.0,12366.0,2473.2
ID6135,1,1211690.0,12057.0,2411.4
ID6135,2,1039980.0,10423.0,2084.6
ID6135,3,1292080.0,12846.0,2569.2000000000003
ID6137,1,927580.0,3703.0,1183.0
ID6137,2,936530.0,4011.0,1231.4
ID6137,3,971290.0,4392.0,1301.2
ID6149,1,1071875.0,5014.5,1456.1
ID6149,2,995470.0,5154.0,1408.0
ID6149,3,1002200.0,4645.5,1352.3
ID6156,1,1108840.0,11118.0,2223.6
ID6156,2,1007140.0,10260.0,2052.0
ID6156,3,1167180.0,11681.0,2336.2
ID6161,1,879410.0,4114.0,1201.6
ID6161,2,962500.0,4595.5,1317.9
ID6161,3,991905.0,4811.0,1368.6
ID6162,1,988970.0,4756.0,1358.4
ID6162,2,1028655.0,4150.5,1322.5
ID6162,3,1035110.0,5238.0,1456.4
ID6166,1,844680.0,8344.0,1668.8
ID6166,2,1195460.0,11959.0,2391.8
ID6166,3,1237200.0,12561.0,2512.2
ID6167,1,1195490.0,11790.0,2358.0
ID6167,2,926390.0,9221.0,1844.2
ID6167,3,1115430.0,10974.0,2194.8
ID6201,1,1009290.0,4859.0,1383.4
ID6201,2,922625.0,3606.0,1167.2
ID6201,3,1092310.0,5499.0,1523.4
ID6210,1,1232500.0,12395.0,2479.0
ID6210,2,887740.0,8784.0,1756.8
ID6210,3,1160470.0,11526.0,2305.2
ID6214,1,2767895.0,12016.0,3656.0
ID6214,2,2755670.0,12401.5,3689.5
ID6214,3,2812485.0,13176.5,3830.5
ID6225,1,966040.0,9559.0,1911.8
ID6225,2,1302550.0,13134.0,2626.8
ID6225,3,1019240.0,10173.0,2034.6
ID6226,1,2597910.0,8363.0,3072.6000000000004
ID6226,2,1928175.0,8739.5,2600.7
ID6226,3,2306705.0,8429.0,2838.6000000000004
ID6228,1,2599135.0,10613.5,3330.3
ID6228,2,2388260.0,9836.0,3072.0
ID6228,3,2366320.0,7321.0,2752.2
ID6278,1,2716900.0,2432.0,2432.0
ID6278,2,2542300.0,2300.0,2300.0
ID6278,3,2521550.0,2274.0,2274.0
ID6284,1,1159100.0,1047.0,1047.0
ID6284,2,1163300.0,1044.0,1044.0
ID6284,3,1218950.0,1106.0,1106.0
ID6289,1,642080.0,6416.0,1283.2
ID6289,2,588040.0,5892.0,1178.4
ID6289,3,671850.0,6703.0,1340.6
ID6292,1,1253160.0,12552.0,2510.4
ID6292,2,1041010.0,10498.0,2099.6
ID6292,3,1169370.0,11627.0,2325.4
ID6295,1,2298315.0,9675.5,2989.9
ID6295,2,2148265.0,7393.5,2636.7
ID6295,3,2447685.0,9788.5,3112.5
ID6296,1,2169070.0,8932.5,2798.9
ID6296,2,1877195.0,5836.5,2200.9
ID6296,3,2518375.0,8136.0,2978.8
ID6304,1,2635240.0,9707.5,3251.1
ID6304,2,2201385.0,8368.5,2766.1000000000004
ID6304,3,2512370.0,7797.0,2921.0
ID6307,1,2198640.0,8117.0,2741.4
ID6307,2,2160130.0,7896.0,2655.2
ID6307,3,2128505.0,6915.5,2520.3
ID6334,1,1008600.0,4731.5,1375.1
ID6334,2,871575.0,3932.5,1160.1
ID6334,3,1042545.0,5312.0,1467.6
ID6352,1,1303250.0,12988.0,2597.6
ID6352,2,999450.0,9937.0,1987.4
ID6352,3,1113080.0,11028.0,2205.6
ID6357,1,2420280.0,10672.0,3213.6
ID6357,2,2294880.0,7828.0,2763.6
ID6357,3,2292465.0,7423.5,2706.3
ID6361,1,2422650.0,2178.0,2178.0
ID6361,2,2472450.0,2228.0,2228.0
ID6361,3,2695200.0,2424.0,2424.0
ID6379,1,524360.0,5307.0,1061.4
ID6379,2,751970.0,7378.0,1475.6
ID6379,3,790610.0,7838.0,1567.6
ID6385,1,2253685.0,7847.0,2726.2
ID6385,2,2351605.0,8269.5,2861.9
ID6385,3,2389570.0,7897.0,2832.6000000000004
ID6387,1,1132950.0,1021.0,1021.0
ID6387,2,1199250.0,1071.0,1071.0
ID6387,3,1154050.0,1045.0,1045.0
ID6394,1,2729700.0,2467.0,2467.0
ID6394,2,2641650.0,2375.0,2375.0
ID6394,3,2463550.0,2219.0,2219.0
ID6397,1,2134840.0,7940.0,2646.0
ID6397,2,2027690.0,8215.5,2611.9
ID6397,3,2442040.0,9784.5,3109.7
ID6408,1,754840.0,7462.0,1492.4
ID6408,2,868820.0,8691.0,1738.2
ID6408,3,621940.0,6159.0,1231.8
ID6411,1,1031360.0,5055.0,1426.6
ID6411,2,994440.0,4991.0,1389.8
ID6411,3,996990.0,4768.0,1365.6
ID6449,1,1311200.0,1169.0,1169.0
ID6449,2,1169650.0,1052.0,1052.0
ID6449,3,1169700.0,1056.0,1056.0
ID6459,1,2327010.0,7144.0,2718.4
ID6459,2,2049350.0,8811.0,2690.2
ID6459,3,2293210.0,7043.5,2657.5
ID6475,1,2513950.0,2235.0,2235.0
ID6475,2,2577850.0,2314.0,2314.0
ID6475,3,2517550.0,2279.0,2279.0
ID6476,1,2797850.0,2516.0,2516.0
ID6476,2,2874850.0,2576.0,2576.0
ID6476,3,2517600.0,2272.0,2272.0
ID6487,1,2073210.0,7662.0,2556.8
ID6487,2,2350920.0,8973.5,2952.3
ID6487,3,2376255.0,8606.0,2914.8
ID6490,1,1246550.0,1108.0,1108.0
ID6490,2,1124400.0,1009.0,1009.0
ID6490,3,1347650.0,1220.0,1220.0
ID6501,1,845250.0,774.0,774.0
ID6501,2,1148450.0,1041.0,1041.0
ID6501,3,1121350.0,1011.0,1011.0
ID6510,1,2227420.0,8427.5,2777.5
ID6510,2,2341130.0,7634.0,2769.6000000000004
ID6510,3,2479280.0,8168.0,2954.4
ID6513,1,1027590.0,5020.5,1422.5
ID6513,2,865470.0,3786.5,1140.1
ID6513,3,995295.0,5034.5,1397.3
ID6526,1,830280.0,8231.0,1646.2
ID6526,2,752040.0,7567.0,1513.4
ID6526,3,767470.0,7716.0,1543.2
ID6542,1,772580.0,7724.0,1544.8
ID6542,2,682990.0,6812.0,1362.4
ID6542,3,698400.0,6925.0,1385.0
ID6549,1,1022675.0,5336.5,1457.3
ID6549,2,1126805.0,5333.5,1536.7
ID6549,3,1055335.0,4817.0,1419.0
ID6554,1,1880100.0,1679.0,1679.0
ID6554,2,2078150.0,1889.0,1889.0
ID6554,3,2399100.0,2166.0,2166.0
ID6558,1,2297150.0,8438.0,2834.0
ID6558,2,2563475.0,8310.0,3053.2
ID6558,3,1808860.0,7187.0,2289.0
ID6564,1,2503650.0,9209.5,3099.5
ID6564,2,2493535.0,9602.5,3128.1
ID6564,3,2078050.0,8542.0,2679.2
ID6573,1,712880.0,7137.0,1427.4
ID6573,2,722050.0,7172.0,1434.4
ID6573,3,577890.0,5730.0,1146.0
ID6574,1,3362590.0,9667.5,3839.5
ID6574,2,3446405.0,8871.5,3823.1
ID6574,3,3006600.0,8349.5,3371.9
ID6600,1,2680850.0,2411.0,2411.0
ID6600,2,2232700.0,2009.0,2009.0
ID6600,3,1810950.0,1644.0,1644.0
ID6602,1,2076425.0,7000.5,2493.3
ID6602,2,2843840.0,9884.5,3444.9
ID6602,3,2347615.0,9108.0,2970.0
ID6611,1,529770.0,5422.0,1084.4
ID6611,2,641400.0,6395.0,1279.0
ID6611,3,727670.0,7262.0,1452.4
ID6613,1,2939590.0,10132.5,3559.3
ID6613,2,2614090.0,9850.0,3248.8
ID6613,3,1963050.0,7933.5,2514.3
ID6620,1,2272125.0,6791.5,2614.3
ID6620,2,2022600.0,6774.5,2410.5
ID6620,3,2416730.0,10303.0,3167.0
ID6628,1,2422710.0,12157.5,3345.5
ID6628,2,2735215.0,14345.5,3891.5
ID6628,3,2899000.0,14320.5,4003.3
ID6641,1,2452250.0,2225.0,2225.0
ID6641,2,2801900.0,2525.0,2525.0
ID6641,3,2257450.0,2030.0,2030.0
ID6660,1,637700.0,6400.0,1280.0
ID6660,2,757610.0,7621.0,1524.2
ID6660,3,754420.0,7535.0,1507.0
ID6675,1,1096950.0,986.0,986.0
ID6675,2,989400.0,893.0,893.0
ID6675,3,980150.0,877.0,877.0
ID6697,1,2409800.0,2160.0,2160.0
ID6697,2,2766500.0,2485.0,2485.0
ID6697,3,2610650.0,2330.0,2330.0
ID6700,1,2843200.0,2541.0,2541.0
ID6700,2,2781000.0,2517.0,2517.0
ID6700,3,2499100.0,2238.0,2238.0
ID6708,1,2627135.0,10746.5,3379.7
ID6708,2,2949125.0,13486.5,3989.3
ID6708,3,2946690.0,11612.0,3746.8
ID6737,1,1012185.0,4650.5,1362.1
ID6737,2,948995.0,4925.0,1343.8
ID6737,3,1113475.0,5271.5,1519.1
ID6745,1,1008545.0,5613.0,1477.0
ID6745,2,1011210.0,4442.5,1335.3
ID6745,3,1055155.0,5341.5,1481.1
ID6766,1,907700.0,9069.0,1813.8
ID6766,2,1064080.0,10607.0,2121.4
ID6766,3,941030.0,9458.0,1891.6
ID6799,1,2507575.0,9376.0,3110.4
ID6799,2,2478905.0,9050.0,3078.0
ID6799,3,2202055.0,9325.0,2883.0
ID6805,1,2157625.0,8204.0,2680.8
ID6805,2,2449340.0,8462.5,2966.1000000000004
ID6805,3,2839400.0,10313.0,3485.0
ID6823,1,572940.0,5800.0,1160.0
ID6823,2,527540.0,5212.0,1042.4
ID6823,3,623540.0,6156.0,1231.2
ID6849,1,2641215.0,10896.0,3398.8
ID6849,2,2593890.0,9887.0,3243.4
ID6849,3,2530455.0,8696.0,3052.4
ID6859,1,892880.0,4249.5,1215.1
ID6859,2,888595.0,3636.5,1139.3
ID6859,3,909135.0,3806.0,1177.2
ID6863,1,1007540.0,10180.0,2036.0
ID6863,2,1448230.0,14590.0,2918.0
ID6863,3,1325620.0,13237.0,2647.4
ID6869,1,2771245.0,9385.0,3352.6
ID6869,2,2889930.0,11075.5,3618.7
ID6869,3,2184010.0,9583.0,2879.0
ID6874,1,1199100.0,1088.0,1088.0
ID6874,2,1189100.0,1069.0,1069.0
ID6874,3,891050.0,792.0,792.0
ID6875,1,939485.0,4699.0,1327.8
ID6875,2,1108585.0,5670.5,1561.7
ID6875,3,1026275.0,4895.5,1403.5
ID6878,1,919045.0,4716.5,1293.3
ID6878,2,1015250.0,4390.0,1331.6
ID6878,3,958155.0,3671.5,1203.5
ID6886,1,1978620.0,7994.0,2538.0
ID6886,2,2225385.0,7803.5,2717.1
ID6886,3,2539210.0,7853.5,2948.7
ID6900,1,2492120.0,24676.0,4935.2
ID6900,2,2284720.0,22896.0,4579.2
ID6900,3,2658190.0,26390.0,5278.0
ID6901,1,2325350.0,2106.0,2106.0
ID6901,2,2354300.0,2128.0,2128.0
ID6901,3,2258300.0,2025.0,2025.0
ID6904,1,1196350.0,1076.0,1076.0
ID6904,2,1083250.0,991.0,991.0
ID6904,3,1365850.0,1226.0,1226.0
ID6908,1,2638500.0,2380.0,2380.0
ID6908,2,2718800.0,2458.0,2458.0
ID6908,3,2946850.0,2631.0,2631.0
ID6909,1,2514600.0,8103.5,2995.5
ID6909,2,2287790.0,9215.0,2911.0
ID6909,3,2205370.0,9826.5,2936.5
ID6925,1,2492950.0,2278.0,2278.0
ID6925,2,2219700.0,2037.0,2037.0
ID6925,3,2525000.0,2265.0,2265.0
ID6927,1,2251110.0,8235.0,2799.4
ID6927,2,2246120.0,9240.0,2901.6000000000004
ID6927,3,2005745.0,7049.5,2455.9
ID6929,1,2572335.0,10197.0,3265.8
ID6929,2,2263260.0,10085.0,2997.0
ID6929,3,2485610.0,8845.0,3026.2
ID6950,1,1328610.0,13309.0,2661.8
ID6950,2,1227930.0,12506.0,2501.2
ID6950,3,1384410.0,14004.0,2800.8
ID6952,1,788420.0,7872.0,1574.4
ID6952,2,1027570.0,10255.0,2051.0
ID6952,3,1292270.0,12926.0,2585.2
ID6953,1,1041290.0,4858.5,1408.9
ID6953,2,889120.0,4387.5,1235.9
ID6953,3,991285.0,5549.5,1460.3
ID6954,1,2787000.0,2527.0,2527.0
ID6954,2,2382400.0,2162.0,2162.0
ID6954,3,2230500.0,2032.0,2032.0
ID6958,1,2395930.0,8558.5,2930.1
ID6958,2,2359760.0,8860.5,2945.7
ID6958,3,2583720.0,8006.0,2994.0
ID6967,1,2049440.0,7268.5,2515.7
ID6967,2,2181720.0,8394.5,2724.1000000000004
ID6967,3,2003645.0,6201.5,2347.1
ID6976,1,2501845.0,9179.0,3066.2
ID6976,2,2807755.0,10057.5,3423.5
ID6976,3,2275125.0,7694.5,2702.9
ID6977,1,935115.0,3935.0,1213.8
ID6977,2,1063375.0,4857.0,1430.2
ID6977,3,955030.0,4268.0,1269.2
ID6983,1,2404845.0,7871.0,2844.2
ID6983,2,2095185.0,9575.5,2808.7
ID6983,3,1788465.0,6502.5,2206.9
ID7001,1,860050.0,3911.5,1149.5
ID7001,2,942780.0,4267.5,1261.1
ID7001,3,1018655.0,4938.5,1403.7
ID7011,1,2685650.0,2436.0,2436.0
ID7011,2,2770750.0,2496.0,2496.0
ID7011,3,2234350.0,2025.0,2025.0
ID7018,1,2069115.0,8530.0,2684.4
ID7018,2,2559800.0,10266.0,3277.6
ID7018,3,2484615.0,9760.5,3147.3
ID7022,1,1202080.0,12239.0,2447.8
ID7022,2,870190.0,8511.0,1702.2
ID7022,3,1088060.0,10769.0,2153.8
ID7029,1,3260255.0,14040.0,4276.0
ID7029,2,3495050.0,14629.5,4532.700000000001
ID7029,3,2890100.0,11547.0,3681.8
ID7033,1,998490.0,4970.0,1389.6
ID7033,2,1012295.0,5348.0,1446.0
ID7033,3,1050520.0,4444.0,1372.8
ID7041,1,2496400.0,2255.0,2255.0
ID7041,2,2877800.0,2562.0,2562.0
ID7041,3,2638450.0,2388.0,2388.0
ID7045,1,1050485.0,4952.5,1432.9
ID7045,2,1071280.0,4715.0,1424.6
ID7045,3,1120415.0,6364.5,1653.7
ID7050,1,1519780.0,15138.0,3027.6
ID7050,2,1087480.0,10648.0,2129.6
ID7050,3,1110620.0,10988.0,2197.6
ID7063,1,1007735.0,5285.0,1431.4
ID7063,2,980305.0,4322.5,1304.1
ID7063,3,1049790.0,4650.0,1392.4
ID7064,1,1088750.0,979.0,979.0
ID7064,2,1109550.0,995.0,995.0
ID7064,3,1389700.0,1246.0,1246.0
ID7069,1,886240.0,3528.0,1130.8
ID7069,2,958940.0,4418.5,1299.7
ID7069,3,891640.0,4661.5,1276.3
ID7071,1,2656250.0,10031.0,3317.8
ID7071,2,2321380.0,8227.0,2839.4
ID7071,3,1799355.0,7000.5,2287.3
ID7073,1,1193295.0,5878.5,1657.3000000000002
ID7073,2,1048375.0,5285.5,1467.9
ID7073,3,899420.0,4318.0,1231.6
ID7107,1,2692150.0,2432.0,2432.0
ID7107,2,2330300.0,2089.0,2089.0
ID7107,3,2183400.0,1968.0,1968.0
ID7109,1,2141265.0,8858.0,2748.8
ID7109,2,2089175.0,7667.5,2573.5
ID7109,3,1910100.0,8373.5,2517.1000000000004
ID7120,1,2490300.0,2245.0,2245.0
ID7120,2,2616200.0,2361.0,2361.0
ID7120,3,2326550.0,2076.0,2076.0
ID7133,1,1081030.0,4941.5,1455.5
ID7133,2,889470.0,4092.5,1197.3
ID7133,3,1208825.0,6652.0,1758.8
ID7137,1,4988345.0,16802.5,5988.9
ID7137,2,4327095.0,15218.0,5271.6
ID7137,3,5250650.0,18553.5,6409.1
ID7138,1,1347280.0,13368.0,2673.6
ID7138,2,1161440.0,11467.0,2293.4
ID7138,3,1176390.0,11777.0,2355.4
ID7140,1,1282550.0,1151.0,1151.0
ID7140,2,1175200.0,1055.0,1055.0
ID7140,3,1017000.0,910.0,910.0
ID7161,1,987900.0,4425.0,1318.2
ID7161,2,1036115.0,4968.0,1422.0
ID7161,3,972600.0,4963.5,1372.3
ID7167,1,2214245.0,8656.5,2800.9
ID7167,2,1978660.0,7623.0,2495.8
ID7167,3,2158080.0,6868.5,2523.3
ID7192,1,2300945.0,8111.0,2808.2
ID7192,2,2303940.0,7930.0,2791.2
ID7192,3,2371865.0,10579.0,3175.8
ID7199,1,2149035.0,7007.0,2530.2
ID7199,2,2430925.0,8309.5,2925.1000000000004
ID7199,3,2464650.0,8040.0,2918.4
ID7203,1,1133290.0,11179.0,2235.8
ID7203,2,1220930.0,12159.0,2431.8
ID7203,3,1138700.0,11408.0,2281.6
ID7204,1,1838650.0,1637.0,1637.0
ID7204,2,2149650.0,1918.0,1918.0
ID7204,3,2722650.0,2448.0,2448.0
ID7212,1,783600.0,7715.0,1543.0
ID7212,2,633900.0,6250.0,1250.0
ID7212,3,702030.0,6966.0,1393.2
ID7222,1,2838655.0,10352.5,3504.1
ID7222,2,2424395.0,8648.5,2963.3
ID7222,3,2614735.0,9815.5,3256.7
ID7238,1,1192810.0,11883.0,2376.6
ID7238,2,1380960.0,13683.0,2736.6
ID7238,3,1077940.0,10887.0,2177.4
ID7239,1,2377100.0,2128.0,2128.0
ID7239,2,2349900.0,2121.0,2121.0
ID7239,3,2421750.0,2189.0,2189.0
ID7260,1,1171150.0,11671.0,2334.2000000000003
ID7260,2,1013480.0,10271.0,2054.2000000000003
ID7260,3,1137130.0,11297.0,2259.4
ID7275,1,1105360.0,11238.0,2247.6
ID7275,2,971050.0,9686.0,1937.2
ID7275,3,1299620.0,12848.0,2569.6
ID7277,1,743040.0,7362.0,1472.4
ID7277,2,715020.0,7219.0,1443.8
ID7277,3,702890.0,6953.0,1390.6
ID7290,1,1259050.0,1142.0,1142.0
ID7290,2,1228900.0,1108.0,1108.0
ID7290,3,1117550.0,992.0,992.0
ID7293,1,2143500.0,1899.0,1899.0
ID7293,2,2185150.0,1951.0,1951.0
ID7293,3,1902350.0,1712.0,1712.0
ID7305,1,1085050.0,972.0,972.0
ID7305,2,945650.0,846.0,846.0
ID7305,3,1158450.0,1049.0,1049.0
ID7308,1,1052545.0,4626.0,1391.6
ID7308,2,940785.0,4397.5,1273.1
ID7308,3,900555.0,4406.0,1248.8
ID7309,1,2295650.0,2057.0,2057.0
ID7309,2,2610800.0,2356.0,2356.0
ID7309,3,2902950.0,2599.0,2599.0
ID7313,1,831250.0,745.0,745.0
ID7313,2,1098600.0,982.0,982.0
ID7313,3,971400.0,874.0,874.0
ID7321,1,1323170.0,13302.0,2660.4
ID7321,2,1031370.0,10358.0,2071.6
ID7321,3,1076920.0,10798.0,2159.6
ID7332,1,1319120.0,13120.0,2624.0
ID7332,2,1306900.0,13204.0,2640.8
ID7332,3,1139440.0,11420.0,2284.0
ID7346,1,1036550.0,935.0,935.0
ID7346,2,1296900.0,1178.0,1178.0
ID7346,3,1303950.0,1182.0,1182.0
ID7358,1,3781200.0,14291.5,4726.700000000001
ID7358,2,2918870.0,13362.0,3929.2000000000003
ID7358,3,3470870.0,14047.5,4449.5
ID7359,1,1110745.0,5626.0,1561.2
ID7359,2,1062670.0,5312.0,1483.6
ID7359,3,982670.0,5145.0,1408.2
ID7369,1,2268375.0,8965.5,2879.1
ID7369,2,1802520.0,6773.0,2252.6
ID7369,3,2285150.0,9284.0,2925.6000000000004
ID7374,1,2210920.0,9292.5,2869.3
ID7374,2,2313055.0,7700.0,2772.8
ID7374,3,2542385.0,8881.0,3074.6000000000004
ID7376,1,1121650.0,1001.0,1001.0
ID7376,2,958000.0,884.0,884.0
ID7376,3,1033650.0,935.0,935.0
ID7377,1,2548100.0,8575.5,3067.5
ID7377,2,1960460.0,6996.0,2381.6
ID7377,3,1992005.0,8485.0,2608.2
ID7380,1,2414470.0,8894.0,2992.0
ID7380,2,2426945.0,8312.5,2924.9
ID7380,3,2367595.0,9024.5,2943.7
ID7381,1,2521315.0,9427.5,3139.1
ID7381,2,2490265.0,8539.0,3014.6
ID7381,3,2551375.0,9735.5,3201.5
ID7383,1,765040.0,7654.0,1530.8
ID7383,2,666870.0,6695.0,1339.0
ID7383,3,491850.0,4954.0,990.8
ID7384,1,1007030.0,4418.0,1329.2
ID7384,2,964230.0,3628.0,1193.6
ID7384,3,1011545.0,5180.5,1421.3
ID7388,1,2518280.0,7751.5,2940.3
ID7388,2,1896870.0,6790.5,2325.3
ID7388,3,2172455.0,8679.5,2750.7
ID7392,1,2064860.0,9333.0,2733.8
ID7392,2,1972885.0,9409.5,2709.9
ID7392,3,2562405.0,9303.5,3177.1000000000004
ID7405,1,1217430.0,12269.0,2453.8
ID7405,2,1136050.0,11273.0,2254.6
ID7405,3,1027640.0,10288.0,2057.6
ID7409,1,2526900.0,2293.0,2293.0
ID7409,2,2967000.0,2665.0,2665.0
ID7409,3,2365050.0,2134.0,2134.0
ID7416,1,1238060.0,12308.0,2461.6
ID7416,2,1288930.0,12952.0,2590.4
ID7416,3,1100110.0,10941.0,2188.2
ID7417,1,1184210.0,11884.0,2376.8
ID7417,2,937250.0,9407.0,1881.4
ID7417,3,1188470.0,11879.0,2375.8
ID7422,1,1223295.0,7162.0,1828.8
ID7422,2,1386555.0,8652.0,2140.8
ID7422,3,1201070.0,7674.0,1881.6000000000001
ID7452,1,2415350.0,7739.5,2841.9
ID7452,2,2491965.0,8422.0,2992.8
ID7452,3,2240245.0,7475.0,2660.6
ID7462,1,1263990.0,12418.0,2483.6
ID7462,2,1241360.0,12292.0,2458.4
ID7462,3,1511270.0,15072.0,3014.4
ID7464,1,1883425.0,8809.5,2555.9
ID7464,2,2299510.0,11164.0,3160.8
ID7464,3,1895310.0,8633.5,2541.9
ID7466,1,1061040.0,10537.0,2107.4
ID7466,2,1459010.0,14608.0,2921.6
ID7466,3,1329040.0,13201.0,2640.2000000000003
ID7469,1,2460150.0,2182.0,2182.0
ID7469,2,2167500.0,1935.0,1935.0
ID7469,3,2281800.0,2040.0,2040.0
ID7472,1,703310.0,7028.0,1405.6
ID7472,2,790590.0,7968.0,1593.6
ID7472,3,804100.0,7934.0,1586.8000000000002
ID7473,1,2083745.0,8572.0,2688.0
ID7473,2,2474050.0,8541.5,2982.3
ID7473,3,2400270.0,10427.0,3155.0
ID7484,1,917720.0,4281.0,1244.6
ID7484,2,860535.0,4616.5,1231.7
ID7484,3,999460.0,4520.0,1338.4
ID7492,1,1150400.0,5802.5,1610.1000000000001
ID7492,2,1092225.0,5342.0,1512.0
ID7492,3,1122470.0,5254.5,1524.5
ID7496,1,2194250.0,7766.0,2677.2
ID7496,2,1922765.0,8194.5,2512.9
ID7496,3,2212520.0,8293.5,2762.3
ID7527,1,983285.0,4235.5,1291.9
ID7527,2,914260.0,3902.5,1197.3
ID7527,3,999695.0,4775.5,1367.5
ID7538,1,2205750.0,8400.0,2757.2
ID7538,2,2795085.0,9627.0,3379.0
ID7538,3,1945955.0,7965.5,2531.5
ID7545,1,1018205.0,4811.0,1387.4
ID7545,2,1032665.0,4915.5,1410.7
ID7545,3,901800.0,3998.0,1196.0
ID7552,1,937460.0,4573.5,1290.7
ID7552,2,990115.0,4037.5,1276.7
ID7552,3,929145.0,3922.5,1204.9
ID7562,1,995625.0,4807.5,1366.7
ID7562,2,927325.0,4162.0,1236.4
ID7562,3,959165.0,4633.5,1322.7
ID7567,1,1113640.0,5238.0,1516.0
ID7567,2,983425.0,4581.5,1331.9
ID7567,3,900100.0,4132.0,1215.6
ID7573,1,1152900.0,1035.0,1035.0
ID7573,2,1361550.0,1212.0,1212.0
ID7573,3,1277500.0,1144.0,1144.0
ID7574,1,2002905.0,7405.0,2487.8
ID7574,2,2116000.0,7683.5,2602.3
ID7574,3,2102920.0,8677.0,2697.4
ID7594,1,1018595.0,4342.0,1330.0
ID7594,2,1031380.0,5028.5,1420.1
ID7594,3,1036470.0,5289.5,1457.9
ID7612,1,2532225.0,9205.5,3105.5
ID7612,2,2121825.0,8264.0,2657.2
ID7612,3,2145610.0,8165.5,2693.9
ID7613,1,2354700.0,2138.0,2138.0
ID7613,2,2141750.0,1950.0,1950.0
ID7613,3,2150400.0,1960.0,1960.0
ID7630,1,1000435.0,4658.0,1354.8
ID7630,2,1002980.0,4804.0,1372.8
ID7630,3,1053615.0,5073.5,1448.3
ID7657,1,1248860.0,12312.0,2462.4
ID7657,2,1065150.0,10469.0,2093.8
ID7657,3,1489250.0,14945.0,2989.0
ID7679,1,791605.0,3553.0,1059.8
ID7679,2,877535.0,3877.0,1162.2
ID7679,3,913125.0,4091.5,1217.9
ID7681,1,1110910.0,11223.0,2244.6
ID7681,2,1273650.0,12702.0,2540.4
ID7681,3,1126100.0,11341.0,2268.2000000000003
ID7686,1,1038620.0,4845.0,1415.4
ID7686,2,990950.0,4518.5,1323.3
ID7686,3,1197670.0,6151.0,1691.4
ID7687,1,1222230.0,12336.0,2467.2000000000003
ID7687,2,1166660.0,11755.0,2351.0
ID7687,3,1136300.0,11248.0,2249.6
ID7690,1,2582360.0,9245.5,3171.1
ID7690,2,2116410.0,8559.0,2701.0
ID7690,3,2281440.0,8402.0,2820.8
ID7703,1,2286220.0,9577.0,2973.0
ID7703,2,2387130.0,8549.0,2906.2
ID7703,3,2835005.0,9184.0,3344.0
ID7720,1,1050935.0,4507.0,1375.8
ID7720,2,978510.0,4628.0,1337.6
ID7720,3,833945.0,4053.0,1152.2
ID7722,1,902730.0,3571.5,1145.1
ID7722,2,1104390.0,5055.0,1483.0
ID7722,3,1201525.0,6454.0,1728.4
ID7736,1,956300.0,4116.5,1248.5
ID7736,2,924115.0,5066.5,1348.9
ID7736,3,967865.0,4179.5,1273.5
ID7750,1,1016695.0,4626.5,1362.1
ID7750,2,1020375.0,5076.5,1418.5
ID7750,3,902215.0,3727.5,1166.3
ID7758,1,2502050.0,9586.0,3134.4
ID7758,2,1554265.0,6785.0,2067.0
ID7758,3,2640460.0,10413.5,3369.5
ID7760,1,2689300.0,2415.0,2415.0
ID7760,2,2756600.0,2491.0,2491.0
ID7760,3,2768050.0,2478.0,2478.0
ID7763,1,2665600.0,2389.0,2389.0
ID7763,2,2493000.0,2232.0,2232.0
ID7763,3,2627800.0,2349.0,2349.0
ID7769,1,2350340.0,8137.5,2845.5
ID7769,2,2101230.0,9066.0,2757.6000000000004
ID7769,3,2455480.0,8947.5,3026.3
ID7772,1,2397550.0,2176.0,2176.0
ID7772,2,2388800.0,2133.0,2133.0
ID7772,3,2300050.0,2090.0,2090.0
ID7788,1,2648300.0,2383.0,2383.0
ID7788,2,2232400.0,2003.0,2003.0
ID7788,3,2348450.0,2139.0,2139.0
ID7793,1,2268605.0,8131.5,2799.1000000000004
ID7793,2,2169940.0,9143.5,2824.7
ID7793,3,2916610.0,8838.0,3389.6000000000004
ID7796,1,2414490.0,8920.5,2998.9
ID7796,2,2417465.0,9633.0,3083.0
ID7796,3,2211875.0,8011.0,2722.6
ID7799,1,3373710.0,12883.5,4220.3
ID7799,2,3001940.0,11956.0,3823.6
ID7799,3,2970600.0,12694.5,3884.9
ID7820,1,2440960.0,9277.0,3050.6000000000004
ID7820,2,2453860.0,9090.0,3039.6000000000004
ID7820,3,2480920.0,9543.0,3127.8
ID7834,1,2376080.0,9673.5,3036.3
ID7834,2,2052380.0,7586.5,2544.1
ID7834,3,2620005.0,9587.5,3246.7
ID7851,1,2211800.0,1981.0,1981.0
ID7851,2,2196750.0,1998.0,1998.0
ID7851,3,2447200.0,2221.0,2221.0
ID7858,1,2897650.0,2615.0,2615.0
ID7858,2,2516400.0,2268.0,2268.0
ID7858,3,2459200.0,2220.0,2220.0
ID7863,1,982495.0,5039.5,1384.3
ID7863,2,1019975.0,4471.0,1345.4
ID7863,3,935160.0,4733.5,1312.3
ID7864,1,948020.0,9539.0,1907.8
ID7864,2,1203330.0,11913.0,2382.6
ID7864,3,1313940.0,13058.0,2611.6
ID7881,1,2287250.0,7581.0,2707.8
ID7881,2,2257280.0,9319.5,2913.1000000000004
ID7881,3,2570950.0,7340.0,2916.0
ID7897,1,1364840.0,13632.0,2726.4
ID7897,2,1294480.0,12917.0,2583.4
ID7897,3,1198170.0,12019.0,2403.8
ID7910,1,2333090.0,9133.5,2949.5
ID7910,2,2337760.0,9193.0,2941.4
ID7910,3,2656680.0,8917.5,3171.9
ID7937,1,1138850.0,1013.0,1013.0
ID7937,2,1000950.0,915.0,915.0
ID7937,3,1119100.0,1001.0,1001.0
ID7945,1,2207805.0,8016.5,2725.7
ID7945,2,2256280.0,8759.0,2851.4
ID7945,3,2373645.0,9747.5,3060.7
ID7948,1,2881955.0,12981.0,3848.2000000000003
ID7948,2,3585890.0,12307.0,4311.0
ID7948,3,3399900.0,13760.5,4354.9
ID7950,1,959500.0,4411.0,1291.0
ID7950,2,1069155.0,4880.0,1438.0
ID7950,3,1058445.0,5467.5,1499.9
ID7957,1,2397300.0,2156.0,2156.0
ID7957,2,2328100.0,2094.0,2094.0
ID7957,3,2342800.0,2099.0,2099.0
ID7978,1,1192240.0,11941.0,2388.2000000000003
ID7978,2,1036160.0,10450.0,2090.0
ID7978,3,1241340.0,12432.0,2486.4
ID7994,1,766140.0,7696.0,1539.2
ID7994,2,752500.0,7504.0,1500.8
ID7994,3,625680.0,6337.0,1267.4
ID8017,1,2397410.0,8265.5,2897.9
ID8017,2,2625805.0,9322.5,3199.3
ID8017,3,2591305.0,10189.5,3286.3
ID8021,1,2178050.0,9158.5,2846.9
ID8021,2,2362625.0,8160.0,2846.4
ID8021,3,2046960.0,7674.0,2540.0
ID8025,1,1088080.0,11005.0,2201.0
ID8025,2,1534410.0,15407.0,3081.4
ID8025,3,1296080.0,13048.0,2609.6
ID8045,1,2507810.0,10106.0,3204.8
ID8045,2,2510825.0,8906.0,3070.0
ID8045,3,2691885.0,10713.0,3431.0
ID8060,1,639990.0,6277.0,1255.4
ID8060,2,675610.0,6737.0,1347.4
ID8060,3,665620.0,6601.0,1320.2
ID8071,1,607390.0,6084.0,1216.8
ID8071,2,692660.0,7027.0,1405.4
ID8071,3,693020.0,6883.0,1376.6
ID8087,1,1089345.0,5154.0,1484.8
ID8087,2,1074385.0,5139.5,1469.9
ID8087,3,1048190.0,5143.5,1449.9
ID8092,1,1036995.0,5472.0,1481.6
ID8092,2,906500.0,3478.5,1137.3
ID8092,3,1107450.0,5086.5,1490.5
ID8112,1,1037650.0,929.0,929.0
ID8112,2,1121450.0,1006.0,1006.0
ID8112,3,1110050.0,998.0,998.0
ID8114,1,983060.0,4801.0,1359.0
ID8114,2,1055135.0,4391.5,1366.7
ID8114,3,968070.0,4612.5,1328.5
ID8119,1,1050210.0,10558.0,2111.6
ID8119,2,1241220.0,12270.0,2454.0
ID8119,3,1242360.0,12541.0,2508.2
ID8133,1,691010.0,6966.0,1393.2
ID8133,2,616890.0,6283.0,1256.6
ID8133,3,728570.0,7327.0,1465.4
ID8138,1,921990.0,4282.0,1243.6
ID8138,2,931685.0,4789.0,1320.2
ID8138,3,982800.0,5070.0,1384.4
ID8142,1,569940.0,5744.0,1148.8
ID8142,2,653250.0,6598.0,1319.6
ID8142,3,702000.0,6985.0,1397.0
ID8145,1,2309595.0,9127.5,2927.5
ID8145,2,2630835.0,9393.0,3205.8
ID8145,3,2312160.0,7478.0,2728.0
ID8159,1,790110.0,7869.0,1573.8
ID8159,2,642350.0,6438.0,1287.6
ID8159,3,743580.0,7467.0,1493.4
ID8162,1,2032255.0,8052.0,2598.8
ID8162,2,2453180.0,9466.5,3078.9
ID8162,3,2595155.0,7900.5,2993.7
ID8167,1,2203120.0,7517.5,2643.1000000000004
ID8167,2,2082770.0,7302.0,2537.6
ID8167,3,2466010.0,8094.0,2924.4
ID8187,1,1273060.0,12748.0,2549.6
ID8187,2,1225000.0,12369.0,2473.8
ID8187,3,1117730.0,11019.0,2203.8
ID8193,1,1240040.0,12407.0,2481.4
ID8193,2,1054860.0,10518.0,2103.6
ID8193,3,1200960.0,12052.0,2410.4
ID8194,1,1041230.0,10296.0,2059.2
ID8194,2,1007320.0,10112.0,2022.4
ID8194,3,1094820.0,10946.0,2189.2000000000003
ID8207,1,1049365.0,5347.0,1478.6
ID8207,2,993170.0,4480.0,1325.2
ID8207,3,1009755.0,4714.5,1368.5
ID8208,1,947570.0,4519.5,1299.9
ID8208,2,1079490.0,5322.5,1495.7
ID8208,3,948490.0,4584.0,1298.0
ID8212,1,2136200.0,1935.0,1935.0
ID8212,2,2224900.0,2020.0,2020.0
ID8212,3,2545650.0,2280.0,2280.0
ID8213,1,731190.0,7264.0,1452.8
ID8213,2,532160.0,5314.0,1062.8
ID8213,3,617020.0,6290.0,1258.0
ID8228,1,1233940.0,12215.0,2443.0
ID8228,2,1465750.0,14558.0,2911.6
ID8228,3,1053290.0,10530.0,2106.0
ID8229,1,3157715.0,13766.5,4138.5
ID8229,2,2989630.0,11948.0,3820.8
ID8229,3,3404905.0,12986.0,4260.4
ID8246,1,2236665.0,8887.0,2847.8
ID8246,2,2468155.0,8081.5,2921.9
ID8246,3,2473175.0,8802.0,3019.2
ID8269,1,2386500.0,8867.5,2975.1
ID8269,2,2401470.0,8650.0,2936.0
ID8269,3,1858475.0,7625.0,2410.2
ID8278,1,3784300.0,3405.0,3405.0
ID8278,2,3212300.0,2875.0,2875.0
ID8278,3,3436250.0,3098.0,3098.0
ID8279,1,2803210.0,9792.0,3403.2
ID8279,2,2380785.0,9327.0,3015.0
ID8279,3,2236490.0,8236.5,2762.9
ID8286,1,992830.0,9889.0,1977.8
ID8286,2,1066610.0,10552.0,2110.4
ID8286,3,1128280.0,11226.0,2245.2000000000003
ID8292,1,616920.0,6147.0,1229.4
ID8292,2,771710.0,7768.0,1553.6
ID8292,3,725130.0,7271.0,1454.2
ID8293,1,931345.0,4925.0,1335.0
ID8293,2,988425.0,4198.5,1296.5
ID8293,3,1000535.0,4514.0,1338.0
ID8297,1,964825.0,4631.5,1321.5
ID8297,2,1001460.0,5030.5,1393.3
ID8297,3,1063835.0,5937.0,1563.4
ID8304,1,903985.0,4286.5,1237.3
ID8304,2,970385.0,4388.5,1297.3
ID8304,3,942380.0,4671.5,1313.5
ID8319,1,1141290.0,11220.0,2244.0
ID8319,2,1349440.0,13430.0,2686.0
ID8319,3,1411340.0,14213.0,2842.6
ID8330,1,2511340.0,7709.5,2907.5
ID8330,2,2372400.0,8384.5,2896.5
ID8330,3,2290745.0,8010.5,2782.5
ID8333,1,1202250.0,1094.0,1094.0
ID8333,2,1026500.0,923.0,923.0
ID8333,3,1091350.0,986.0,986.0
ID8354,1,727520.0,7262.0,1452.4
ID8354,2,734150.0,7363.0,1472.6
ID8354,3,587620.0,5964.0,1192.8
ID8358,1,1503530.0,15061.0,3012.2000000000003
ID8358,2,1112470.0,11339.0,2267.8
ID8358,3,1302700.0,12978.0,2595.6
ID8366,1,849155.0,3834.0,1134.8
ID8366,2,941315.0,4421.5,1278.7
ID8366,3,879770.0,3601.0,1132.2
ID8367,1,1002810.0,4539.0,1337.8
ID8367,2,1063405.0,4940.5,1441.3
ID8367,3,1068820.0,4831.0,1430.6
ID8375,1,906270.0,3910.5,1197.3
ID8375,2,958620.0,5487.0,1430.2
ID8375,3,973555.0,5290.5,1410.9
ID8378,1,1053070.0,5265.5,1475.9
ID8378,2,928510.0,4467.0,1279.8
ID8378,3,1128390.0,5318.0,1537.2
ID8399,1,472040.0,4634.0,926.8
ID8399,2,737240.0,7439.0,1487.8
ID8399,3,670810.0,6788.0,1357.6
ID8405,1,622240.0,6201.0,1240.2
ID8405,2,739310.0,7382.0,1476.4
ID8405,3,516950.0,5173.0,1034.6
ID8417,1,2356740.0,8162.5,2854.5
ID8417,2,2187025.0,9343.5,2859.5
ID8417,3,2534950.0,8928.0,3084.8
ID8419,1,1318020.0,13201.0,2640.2
ID8419,2,961440.0,9602.0,1920.4
ID8419,3,934540.0,9313.0,1862.6
ID8422,1,2349225.0,8196.0,2867.6000000000004
ID8422,2,2359855.0,9934.0,3053.2
ID8422,3,1908035.0,6727.5,2338.3
ID8433,1,2659950.0,2399.0,2399.0
ID8433,2,2143400.0,1942.0,1942.0
ID8433,3,2425250.0,2177.0,2177.0
ID8443,1,862780.0,8701.0,1740.2
ID8443,2,701800.0,7057.0,1411.4
ID8443,3,508650.0,5148.0,1029.6
ID8444,1,1057300.0,971.0,971.0
ID8444,2,1270700.0,1139.0,1139.0
ID8444,3,1118150.0,999.0,999.0
ID8448,1,948390.0,4543.5,1305.1
ID8448,2,941810.0,4002.5,1227.7
ID8448,3,1058960.0,5013.0,1452.6
ID8461,1,2662700.0,2398.0,2398.0
ID8461,2,2119400.0,1910.0,1910.0
ID8461,3,2765300.0,2484.0,2484.0
ID8463,1,2580100.0,2330.0,2330.0
ID8463,2,2809600.0,2513.0,2513.0
ID8463,3,2359250.0,2152.0,2152.0
ID8493,1,1174780.0,11856.0,2371.2
ID8493,2,1610600.0,16213.0,3242.6
ID8493,3,1045200.0,10640.0,2128.0
ID8514,1,889280.0,4365.0,1228.6
ID8514,2,1002250.0,5120.0,1412.8
ID8514,3,1050575.0,5142.0,1460.8
ID8530,1,2415080.0,9336.0,3035.2
ID8530,2,2187610.0,8317.5,2730.3
ID8530,3,2432750.0,7853.5,2874.7
ID8552,1,1067150.0,954.0,954.0
ID8552,2,1040350.0,927.0,927.0
ID8552,3,1393650.0,1251.0,1251.0
ID8559,1,1062480.0,5050.5,1446.1
ID8559,2,817785.0,2973.5,1009.1
ID8559,3,789520.0,3362.5,1027.7
ID8564,1,2680765.0,6350.5,2882.1
ID8564,2,3206940.0,10212.0,3768.0
ID8564,3,2908310.0,8996.0,3379.6
ID8569,1,1073100.0,972.0,972.0
ID8569,2,1485150.0,1333.0,1333.0
ID8569,3,1288900.0,1167.0,1167.0
ID8588,1,1109550.0,5405.0,1533.8
ID8588,2,955425.0,4856.0,1352.4
ID8588,3,1088575.0,4699.0,1431.4
ID8594,1,1249850.0,12470.0,2494.0
ID8594,2,1035750.0,10523.0,2104.6
ID8594,3,1318710.0,13076.0,2615.2
ID8613,1,2422715.0,7895.5,2889.9
ID8613,2,2104905.0,7679.5,2587.1000000000004
ID8613,3,2022960.0,7715.0,2521.4
ID8619,1,1150660.0,11367.0,2273.4
ID8619,2,914560.0,9155.0,1831.0
ID8619,3,1223590.0,12382.0,2476.4
ID8631,1,1172835.0,6286.5,1696.1
ID8631,2,1373960.0,7331.5,1972.3
ID8631,3,1159890.0,5488.5,1579.3
ID8648,1,2414265.0,6789.5,2725.9
ID8648,2,2587090.0,9452.5,3180.9
ID8648,3,2795415.0,9033.0,3303.4
ID8654,1,545440.0,5417.0,1083.4
ID8654,2,906770.0,8998.0,1799.6
ID8654,3,656750.0,6567.0,1313.4
ID8661,1,1003075.0,5106.0,1411.2
ID8661,2,952000.0,4552.5,1301.3
ID8661,3,1007830.0,5527.0,1465.0
ID8662,1,2451600.0,8318.5,2949.7
ID8662,2,2395580.0,8925.0,2968.6000000000004
ID8662,3,2591025.0,8802.5,3117.7
ID8689,1,2621365.0,10444.5,3351.7
ID8689,2,2428200.0,7825.5,2863.9
ID8689,3,2388505.0,9348.5,3027.3
ID8711,1,2855850.0,2569.0,2569.0
ID8711,2,2101550.0,1902.0,1902.0
ID8711,3,2470700.0,2227.0,2227.0
ID8735,1,1529580.0,15246.0,3049.2
ID8735,2,1453350.0,14451.0,2890.2
ID8735,3,1144270.0,11525.0,2305.0
ID8739,1,2506755.0,8357.5,3003.5
ID8739,2,2661450.0,7449.5,3001.1000000000004
ID8739,3,2581640.0,8393.0,3059.4
ID8741,1,1975960.0,9013.0,2666.2
ID8741,2,2513855.0,10365.5,3210.7
ID8741,3,2404315.0,7599.5,2805.1
ID8750,1,2123855.0,7088.5,2554.5
ID8750,2,2351330.0,8815.0,2922.6000000000004
ID8750,3,2378775.0,8244.0,2872.8
ID8753,1,2628050.0,2365.0,2365.0
ID8753,2,2318050.0,2074.0,2074.0
ID8753,3,1946500.0,1748.0,1748.0
ID8755,1,1056215.0,4922.0,1428.0
ID8755,2,993590.0,4228.0,1298.8
ID8755,3,1119275.0,6130.5,1626.1000000000001
ID8769,1,2187050.0,1990.0,1990.0
ID8769,2,2934900.0,2633.0,2633.0
ID8769,3,2907050.0,2628.0,2628.0
ID8781,1,939210.0,3962.5,1221.3
ID8781,2,932900.0,4545.5,1285.5
ID8781,3,1091450.0,5029.5,1470.3
ID8784,1,2551980.0,9094.5,3138.9
ID8784,2,2373035.0,8527.5,2926.3
ID8784,3,2341145.0,6918.5,2705.3
ID8786,1,2459980.0,9501.5,3081.9
ID8786,2,2783115.0,9950.5,3405.3
ID8786,3,2448760.0,8738.0,2996.8
ID8797,1,919220.0,4592.0,1288.8
ID8797,2,959930.0,4593.0,1325.8
ID8797,3,885450.0,4020.0,1184.8
ID8809,1,1057625.0,4803.5,1413.5
ID8809,2,884265.0,3758.5,1148.5
ID8809,3,1029710.0,4898.5,1415.3
ID8822,1,943900.0,3867.5,1211.1
ID8822,2,863840.0,3882.5,1154.5
ID8822,3,977685.0,4450.5,1322.1
ID8837,1,2677515.0,9533.0,3269.4
ID8837,2,1946260.0,7990.5,2503.3
ID8837,3,2283515.0,9877.5,3010.7
ID8854,1,2413275.0,9102.5,3025.3
ID8854,2,2493335.0,8830.5,3050.5
ID8854,3,2337590.0,8883.0,2913.8
ID8867,1,1894230.0,8303.5,2504.7
ID8867,2,1984600.0,8449.5,2591.5
ID8867,3,1996760.0,9610.5,2739.7
ID8877,1,1160950.0,1050.0,1050.0
ID8877,2,1205750.0,1075.0,1075.0
ID8877,3,1122600.0,1035.0,1035.0
ID8884,1,2354450.0,8835.0,2914.2
ID8884,2,2318745.0,9472.5,2997.7
ID8884,3,2630520.0,8068.5,3058.5
ID8891,1,2726245.0,9577.0,3330.2
ID8891,2,2269275.0,8055.5,2773.5
ID8891,3,2415915.0,9580.0,3065.2
ID8892,1,2499110.0,8146.5,2968.5
ID8892,2,2108100.0,9460.5,2810.1000000000004
ID8892,3,2998780.0,11258.0,3744.8
ID8893,1,840960.0,8466.0,1693.2
ID8893,2,1093580.0,11082.0,2216.4
ID8893,3,1062000.0,10702.0,2140.4
ID8900,1,2392775.0,9101.5,2981.1000000000004
ID8900,2,2632920.0,9256.0,3214.0
ID8900,3,2507500.0,10207.0,3222.6000000000004
ID8908,1,2112630.0,8112.5,2654.5
ID8908,2,2587845.0,9009.0,3138.2
ID8908,3,2485790.0,9127.0,3078.2
ID8909,1,2386420.0,9781.0,3079.4
ID8909,2,2411910.0,9360.0,3028.8
ID8909,3,2366545.0,7600.0,2802.0
ID8920,1,1318280.0,13171.0,2634.2
ID8920,2,1455000.0,14606.0,2921.2
ID8920,3,1046590.0,10287.0,2057.4
ID8924,1,1091750.0,992.0,992.0
ID8924,2,1043200.0,940.0,940.0
ID8924,3,1233600.0,1121.0,1121.0
ID8940,1,2286005.0,8309.0,2802.6000000000004
ID8940,2,2544730.0,9219.0,3136.2
ID8940,3,2104450.0,8017.0,2625.4
ID8963,1,2253600.0,2023.0,2023.0
ID8963,2,2018700.0,1812.0,1812.0
ID8963,3,2086050.0,1868.0,1868.0
ID8972,1,2765150.0,2487.0,2487.0
ID8972,2,3059700.0,2751.0,2751.0
ID8972,3,2728900.0,2445.0,2445.0
ID8975,1,1261050.0,1139.0,1139.0
ID8975,2,1100350.0,1003.0,1003.0
ID8975,3,1150150.0,1055.0,1055.0
ID8977,1,1090750.0,976.0,976.0
ID8977,2,1153900.0,1048.0,1048.0
ID8977,3,1237550.0,1125.0,1125.0
ID8989,1,2042315.0,9257.0,2732.6
ID8989,2,2275165.0,8526.5,2816.1000000000004
ID8989,3,2365830.0,6855.5,2723.9
ID8996,1,1241910.0,12430.0,2486.0
ID8996,2,1093810.0,10875.0,2175.0
ID8996,3,1338750.0,13343.0,2668.6
ID9010,1,893800.0,9097.0,1819.4
ID9010,2,1271120.0,12821.0,2564.2000000000003
ID9010,3,1121170.0,11360.0,2272.0
ID9035,1,2381355.0,11186.5,3237.3
ID9035,2,2822980.0,8469.0,3244.2
ID9035,3,2098135.0,6217.5,2423.1
ID9042,1,2321750.0,2087.0,2087.0
ID9042,2,2149250.0,1970.0,1970.0
ID9042,3,2696750.0,2428.0,2428.0
ID9060,1,1015215.0,5307.0,1443.8
ID9060,2,872165.0,3805.0,1147.8
ID9060,3,1036465.0,4861.0,1404.2
ID9061,1,2741850.0,10248.0,3404.4
ID9061,2,2778585.0,10269.5,3452.3
ID9061,3,2163055.0,8688.0,2731.2
ID9062,1,1053630.0,10682.0,2136.4
ID9062,2,1249200.0,12515.0,2503.0
ID9062,3,1644440.0,16455.0,3291.0
ID9065,1,1091450.0,991.0,991.0
ID9065,2,1154750.0,1044.0,1044.0
ID9065,3,913100.0,837.0,837.0
ID9071,1,2710150.0,2439.0,2439.0
ID9071,2,2024250.0,1807.0,1807.0
ID9071,3,2495250.0,2223.0,2223.0
ID9118,1,2409235.0,10088.5,3148.5
ID9118,2,2310370.0,7625.0,2739.0
ID9118,3,2344745.0,7815.5,2797.9
ID9131,1,1019270.0,10136.0,2027.2
ID9131,2,1399270.0,13893.0,2778.6
ID9131,3,932820.0,9303.0,1860.6
ID9151,1,1341050.0,1206.0,1206.0
ID9151,2,1373150.0,1220.0,1220.0
ID9151,3,1300400.0,1164.0,1164.0
ID9160,1,4720040.0,16731.5,5737.9
ID9160,2,4317835.0,15238.0,5256.8
ID9160,3,4315750.0,19018.0,5720.8
ID9163,1,1498310.0,15166.0,3033.2
ID9163,2,1091070.0,10981.0,2196.2000000000003
ID9163,3,1160390.0,11590.0,2318.0
ID9181,1,1047075.0,5482.0,1485.6
ID9181,2,1013655.0,5475.0,1452.6
ID9181,3,1042810.0,4956.5,1423.7
ID9185,1,1129160.0,11230.0,2246.0
ID9185,2,1100570.0,11112.0,2222.4
ID9185,3,1048840.0,10557.0,2111.4
ID9190,1,2581655.0,9325.5,3177.5
ID9190,2,2037695.0,9105.0,2721.8
ID9190,3,2462430.0,8110.5,2922.9
ID9211,1,2557430.0,9170.5,3139.3
ID9211,2,2702445.0,9142.0,3250.4
ID9211,3,2604785.0,8794.0,3135.6
ID9229,1,2589940.0,9742.0,3230.0
ID9229,2,2798940.0,8150.0,3192.8
ID9229,3,2516790.0,8312.5,3005.7
ID9262,1,1098000.0,993.0,993.0
ID9262,2,1166550.0,1053.0,1053.0
ID9262,3,1516650.0,1360.0,1360.0
ID9303,1,2797775.0,9834.5,3393.7
ID9303,2,2152570.0,8400.5,2707.3
ID9303,3,2644935.0,9600.5,3252.9
ID9330,1,1068260.0,5138.5,1466.5
ID9330,2,1021405.0,5276.0,1445.2
ID9330,3,885110.0,4552.0,1252.0
ID9331,1,1162640.0,11595.0,2319.0
ID9331,2,1097130.0,10946.0,2189.2000000000003
ID9331,3,1040090.0,10503.0,2100.6
ID9335,1,2655090.0,7724.0,3036.0
ID9335,2,2005905.0,7973.5,2540.7
ID9335,3,2748180.0,11163.0,3525.4
ID9347,1,734780.0,7399.0,1479.8
ID9347,2,732270.0,7319.0,1463.8
ID9347,3,818660.0,8076.0,1615.2
ID9348,1,2473850.0,2222.0,2222.0
ID9348,2,2681250.0,2404.0,2404.0
ID9348,3,2615000.0,2354.0,2354.0
ID9349,1,1112520.0,11002.0,2200.4
ID9349,2,1166980.0,11611.0,2322.2
ID9349,3,890280.0,8932.0,1786.4
ID9355,1,1353560.0,13594.0,2718.8
ID9355,2,1058810.0,10729.0,2145.8
ID9355,3,1343410.0,13473.0,2694.6
ID9377,1,2681250.0,2397.0,2397.0
ID9377,2,2540800.0,2278.0,2278.0
ID9377,3,2538000.0,2277.0,2277.0
ID9403,1,2381105.0,8363.0,2889.8
ID9403,2,2368340.0,8799.0,2923.0
ID9403,3,2446980.0,8567.0,2963.8
ID9412,1,2299490.0,9668.5,2983.3
ID9412,2,2307695.0,7868.0,2789.6
ID9412,3,2179280.0,9192.5,2841.7
ID9424,1,1220200.0,1097.0,1097.0
ID9424,2,1080100.0,978.0,978.0
ID9424,3,1335600.0,1203.0,1203.0
ID9431,1,2514355.0,8611.0,3022.2
ID9431,2,2122550.0,7552.0,2586.8
ID9431,3,2195960.0,7348.5,2640.9
ID9440,1,2259560.0,22791.0,4558.2
ID9440,2,2621650.0,26257.0,5251.4
ID9440,3,2167690.0,21581.0,4316.2
ID9449,1,514010.0,5099.0,1019.8
ID9449,2,624380.0,6163.0,1232.6
ID9449,3,769780.0,7725.0,1545.0
ID9455,1,2469465.0,9516.0,3116.4
ID9455,2,2450055.0,9060.0,3017.2
ID9455,3,2498675.0,8171.5,2967.1
ID9465,1,2939045.0,9600.5,3498.1
ID9465,2,2947485.0,8976.0,3423.2
ID9465,3,3301555.0,11736.5,4040.9
ID9469,1,1225150.0,1116.0,1116.0
ID9469,2,1279500.0,1160.0,1160.0
ID9469,3,1313900.0,1168.0,1168.0
ID9488,1,1969120.0,7845.0,2512.6000000000004
ID9488,2,2669470.0,10839.5,3432.3
ID9488,3,2336055.0,9206.0,2982.0
ID9508,1,2699600.0,2433.0,2433.0
ID9508,2,2462800.0,2192.0,2192.0
ID9508,3,2074900.0,1850.0,1850.0
ID9513,1,2626555.0,8842.0,3152.4
ID9513,2,2599685.0,9173.0,3175.8
ID9513,3,2319255.0,8416.5,2854.5
ID9528,1,911190.0,9146.0,1829.2
ID9528,2,946540.0,9555.0,1911.0
ID9528,3,1046500.0,10468.0,2093.6
ID9541,1,3265285.0,11093.0,3945.0
ID9541,2,3454890.0,14271.0,4463.0
ID9541,3,3464810.0,12389.5,4229.5
ID9544,1,1106165.0,5584.0,1549.2
ID9544,2,963535.0,4790.0,1340.0
ID9544,3,1013640.0,5126.0,1426.4
ID9549,1,1401550.0,13950.0,2790.0
ID9549,2,1137110.0,11398.0,2279.6
ID9549,3,1119080.0,11152.0,2230.4
ID9556,1,2570165.0,10174.0,3263.6000000000004
ID9556,2,2073440.0,7998.0,2612.4
ID9556,3,2592360.0,10387.0,3307.0
ID9568,1,2652690.0,9794.5,3276.1000000000004
ID9568,2,2099510.0,8224.5,2655.3
ID9568,3,2290540.0,8653.0,2884.2
ID9572,1,2043365.0,6928.0,2456.8
ID9572,2,2912235.0,9657.5,3469.5
ID9572,3,2326545.0,8240.0,2838.0
ID9585,1,2167840.0,7947.5,2673.5
ID9585,2,2591470.0,10124.0,3270.8
ID9585,3,2226840.0,7384.5,2652.1000000000004
ID9607,1,1031480.0,5175.0,1445.8
ID9607,2,1036185.0,4506.5,1357.7
ID9607,3,1099900.0,6041.0,1601.4
ID9609,1,699500.0,7055.0,1411.0
ID9609,2,614560.0,6126.0,1225.2
ID9609,3,612890.0,6165.0,1233.0
ID9617,1,2432120.0,8511.0,2953.8
ID9617,2,2488820.0,9071.0,3061.0
ID9617,3,2438730.0,9168.5,3037.3
ID9619,1,1030000.0,932.0,932.0
ID9619,2,994050.0,891.0,891.0
ID9619,3,1331600.0,1198.0,1198.0
ID9620,1,933585.0,5259.5,1368.3
ID9620,2,927390.0,4154.0,1236.0
ID9620,3,1044385.0,3996.5,1313.7
ID9641,1,1013375.0,4775.5,1377.9
ID9641,2,1117020.0,5604.0,1563.6
ID9641,3,990480.0,4879.5,1366.3
ID9642,1,1058300.0,952.0,952.0
ID9642,2,1309950.0,1192.0,1192.0
ID9642,3,1450900.0,1313.0,1313.0
ID9650,1,984180.0,4421.0,1309.4
ID9650,2,941485.0,4103.5,1242.7
ID9650,3,1004325.0,5515.0,1466.2
ID9653,1,2644700.0,2370.0,2370.0
ID9653,2,2737500.0,2470.0,2470.0
ID9653,3,2379300.0,2136.0,2136.0
ID9659,1,1088575.0,4947.5,1459.9
ID9659,2,946505.0,4184.5,1257.3
ID9659,3,938240.0,4084.5,1239.3
ID9672,1,3982765.0,10998.5,4458.5
ID9672,2,3755920.0,10467.0,4245.0
ID9672,3,3751940.0,12643.0,4509.0
ID9685,1,2061930.0,6050.0,2362.4
ID9685,2,2745445.0,8592.0,3214.8
ID9685,3,3096075.0,10813.0,3780.2
ID9710,1,1328220.0,13257.0,2651.4
ID9710,2,1130270.0,11472.0,2294.4
ID9710,3,1233540.0,12183.0,2436.6
ID9712,1,2701855.0,8759.0,3195.0
ID9712,2,2671265.0,9297.0,3236.2
ID9712,3,2371310.0,8274.0,2882.0
ID9715,1,2679350.0,2425.0,2425.0
ID9715,2,2552050.0,2308.0,2308.0
ID9715,3,2629200.0,2360.0,2360.0
ID9716,1,1176400.0,11866.0,2373.2
ID9716,2,1454650.0,14699.0,2939.8
ID9716,3,1159600.0,11506.0,2301.2
ID9727,1,902300.0,9144.0,1828.8
ID9727,2,952360.0,9460.0,1892.0
ID9727,3,1106020.0,11205.0,2241.0
ID9760,1,2389350.0,2152.0,2152.0
ID9760,2,2771250.0,2498.0,2498.0
ID9760,3,2560750.0,2290.0,2290.0
ID9762,1,1998500.0,1819.0,1819.0
ID9762,2,2232250.0,2036.0,2036.0
ID9762,3,2153200.0,1928.0,1928.0
ID9777,1,669300.0,6706.0,1341.2
ID9777,2,680510.0,6717.0,1343.4
ID9777,3,536580.0,5494.0,1098.8
ID9780,1,1083310.0,10961.0,2192.2000000000003
ID9780,2,1327340.0,13187.0,2637.4
ID9780,3,1410340.0,13811.0,2762.2
ID9783,1,2152625.0,8313.5,2715.5
ID9783,2,2260485.0,8721.0,2846.2
ID9783,3,2089540.0,8608.5,2688.1000000000004
ID9784,1,2089460.0,7709.5,2581.1
ID9784,2,2062260.0,7575.0,2547.4
ID9784,3,2471830.0,9038.5,3036.9
ID9786,1,854180.0,3975.5,1156.3
ID9786,2,1030635.0,4196.0,1326.0
ID9786,3,983080.0,4805.5,1363.1
ID9802,1,2319800.0,2081.0,2081.0
ID9802,2,2266900.0,2050.0,2050.0
ID9802,3,2836750.0,2542.0,2542.0
ID9807,1,2320470.0,8036.0,2813.2
ID9807,2,2610350.0,9763.0,3245.8
ID9807,3,2394625.0,9580.0,3044.8
ID9823,1,1018020.0,10163.0,2032.6
ID9823,2,813370.0,8210.0,1642.0
ID9823,3,1231030.0,12147.0,2429.4
ID9841,1,1544720.0,4691.0,1787.4
ID9841,2,1607870.0,5417.5,1933.9
ID9841,3,1756155.0,6071.0,2124.2
ID9871,1,2123260.0,8165.0,2671.8
ID9871,2,2610200.0,9527.0,3211.8
ID9871,3,2301495.0,8615.5,2847.5
ID9876,1,4551515.0,17409.5,5699.9
ID9876,2,5101610.0,18093.0,6237.0
ID9876,3,4700820.0,15426.0,5594.8
ID9903,1,779450.0,7780.0,1556.0
ID9903,2,741760.0,7524.0,1504.8
ID9903,3,776160.0,7811.0,1562.2
ID9917,1,2562485.0,8617.0,3083.4
ID9917,2,2253735.0,9514.0,2937.6000000000004
ID9917,3,1745750.0,6541.0,2180.6
ID9919,1,1140690.0,11447.0,2289.4
ID9919,2,1297590.0,12794.0,2558.8
ID9919,3,1332760.0,13355.0,2671.0
ID9926,1,2347750.0,2106.0,2106.0
ID9926,2,2570150.0,2315.0,2315.0
ID9926,3,2548050.0,2285.0,2285.0
ID9941,1,1410670.0,14035.0,2807.0
ID9941,2,1071680.0,10511.0,2102.2000000000003
ID9941,3,1360940.0,13631.0,2726.2000000000003
ID9945,1,1119350.0,11139.0,2227.8
ID9945,2,1513120.0,15056.0,3011.2000000000003
ID9945,3,1269520.0,12602.0,2520.4
ID9948,1,1055850.0,959.0,959.0
ID9948,2,1052000.0,966.0,966.0
ID9948,3,1292750.0,1168.0,1168.0
ID9960,1,2457690.0,8029.5,2906.7
ID9960,2,1989325.0,6774.5,2412.1000000000004
ID9960,3,2645140.0,9380.0,3224.8
ID9971,1,1195100.0,11912.0,2382.4
ID9971,2,1256080.0,12634.0,2526.8
ID9971,3,1207140.0,11937.0,2387.4
ID9973,1,2175435.0,7375.5,2602.7
ID9973,2,2115310.0,7493.5,2565.5
ID9973,3,2459970.0,9165.0,3066.2
ID9979,1,1082480.0,10851.0,2170.2
ID9979,2,874450.0,8745.0,1749.0
ID9979,3,1221380.0,12296.0,2459.2000000000003
ID9980,1,2661250.0,7172.0,2983.2
ID9980,2,2580365.0,8935.5,3128.3
ID9980,3,2857390.0,8240.0,3252.4
