Outlet_ID,Cluster,total_sales,no_units,total_volume
ID1008,2,1096996.6666666667,11000.666666666666,2200.1333333333337
ID1012,2,1216216.6666666667,1091.6666666666667,1091.6666666666667
ID1024,0,2575433.3333333335,2314.3333333333335,2314.3333333333335
ID1029,0,2869250.0,2567.5,2567.5
ID1029,1,3568850.0,3227.0,3227.0
ID1029,2,1364603.3333333333,13593.333333333334,2718.6666666666665
ID1036,2,1056478.3333333333,5227.333333333333,1466.9333333333334
ID1043,0,2919375.0,2629.5,2629.5
ID1043,1,3330650.0,2948.0,2948.0
ID1043,2,1410233.3333333333,14096.666666666666,2819.3333333333335
ID1072,2,702823.3333333334,7038.333333333333,1407.6666666666667
ID1083,2,1128610.0,11233.666666666666,2246.7333333333336
ID1093,0,2856150.0,2562.5,2562.5
ID1093,1,3458850.0,3075.0,3075.0
ID1093,2,1361390.0,13524.333333333334,2704.866666666667
ID1097,2,984913.3333333334,9905.0,1981.0
ID1110,2,1106686.6666666667,10999.0,2199.7999999999997
ID1125,2,984566.6666666666,5041.833333333333,1391.0333333333335
ID1134,2,1308066.6666666667,1177.0,1177.0
ID1136,1,3500750.0,3157.6666666666665,3157.6666666666665
ID1136,2,1351593.3333333333,13569.0,2713.8
ID1137,0,2264366.6666666665,2050.6666666666665,2050.6666666666665
ID1143,2,1046051.6666666666,5211.5,1459.6333333333332
ID1150,2,1185973.3333333333,11902.666666666666,2380.5333333333333
ID1193,0,3095650.0,2779.0,2779.0
ID1193,1,3811975.0,3419.5,3419.5
ID1193,2,1571860.0,15750.666666666666,3150.1333333333337
ID1202,1,3633500.0,3262.3333333333335,3262.3333333333335
ID1202,2,1533996.6666666667,15492.333333333334,3098.4666666666667
ID1210,2,1012100.0,5105.666666666667,1421.1333333333334
ID1214,2,1152766.6666666667,1043.3333333333333,1043.3333333333333
ID1217,2,998708.3333333334,4726.333333333333,1361.2666666666667
ID1234,2,1151640.0,11448.666666666666,2289.733333333333
ID1255,2,1016526.6666666666,5010.5,1410.2333333333333
ID1256,2,977178.3333333334,4260.333333333333,1290.8666666666666
ID1259,2,1030813.3333333334,10346.666666666666,2069.3333333333335
ID1279,0,2893450.0,2636.0,2636.0
ID1279,1,3504850.0,3154.5,3154.5
ID1279,2,1362350.0,13585.0,2717.0
ID1298,0,2280133.3333333335,2062.6666666666665,2062.6666666666665
ID1303,0,2848800.0,2589.0,2589.0
ID1303,1,3855475.0,3491.0,3491.0
ID1303,2,1552420.0,15506.0,3101.2000000000003
ID1304,0,2399050.0,2165.3333333333335,2165.3333333333335
ID1304,2,1676116.6666666667,16772.333333333332,3354.466666666667
ID1307,2,1022135.0,4843.166666666667,1396.6333333333332
ID1314,0,2857150.0,2603.0,2603.0
ID1314,1,3528300.0,3177.5,3177.5
ID1314,2,1455600.0,14596.666666666666,2919.3333333333335
ID1323,2,874055.0,3930.1666666666665,1166.9666666666667
ID1329,2,710783.3333333334,7065.333333333333,1413.0666666666668
ID1338,0,2760883.3333333335,2492.3333333333335,2492.3333333333335
ID1356,2,1069635.0,5221.666666666667,1478.8666666666668
ID1360,2,1243133.3333333333,1121.6666666666667,1121.6666666666667
ID1365,2,1267256.6666666667,7099.833333333333,1861.8333333333333
ID1379,0,2596783.3333333335,2334.3333333333335,2334.3333333333335
ID1382,2,968128.3333333334,4611.5,1322.1666666666667
ID1414,2,1042443.3333333334,5192.833333333333,1452.1666666666667
ID1417,0,2612350.0,2354.6666666666665,2354.6666666666665
ID1425,0,2863200.0,2559.5,2559.5
ID1425,1,3520450.0,3155.0,3155.0
ID1425,2,1344903.3333333333,13447.0,2689.4
ID1429,0,2348633.3333333335,2117.3333333333335,2117.3333333333335
ID1429,2,842023.3333333334,8463.666666666666,1692.7333333333333
ID1443,1,4021366.6666666665,3620.3333333333335,3620.3333333333335
ID1443,2,1449790.0,14548.666666666666,2909.7333333333336
ID1446,2,949596.6666666666,4144.833333333333,1249.5
ID1467,1,3848833.3333333335,3466.3333333333335,3466.3333333333335
ID1467,2,1256916.6666666667,12427.0,2485.4
ID1476,2,962850.0,4343.833333333333,1286.5
ID1479,0,2443085.0,10921.0,3261.8
ID1479,1,3561100.0,3186.0,3186.0
ID1479,2,1259610.0,12718.0,2543.6
ID1480,0,2923050.0,2629.5,2629.5
ID1480,1,3260900.0,2959.0,2959.0
ID1480,2,1504603.3333333333,15098.666666666666,3019.7333333333336
ID1484,0,2869800.0,2605.0,2605.0
ID1484,1,3644050.0,3319.0,3319.0
ID1484,2,1631436.6666666667,16219.666666666666,3243.933333333333
ID1485,1,5741300.0,5178.333333333333,5178.333333333333
ID1485,2,1479750.0,14926.0,2985.2000000000003
ID1494,2,678530.0,6753.666666666667,1350.7333333333333
ID1501,0,2470616.6666666665,2229.6666666666665,2229.6666666666665
ID1520,2,1205870.0,12047.0,2409.4
ID1530,0,3118050.0,2795.0,2795.0
ID1530,1,3689350.0,3361.0,3361.0
ID1530,2,1487926.6666666667,14988.0,2997.6
ID1531,0,2684483.3333333335,2414.3333333333335,2414.3333333333335
ID1541,2,1135758.3333333333,5432.5,1557.8333333333333
ID1543,1,4703133.333333333,4239.333333333333,4239.333333333333
ID1543,2,1410746.6666666667,14040.666666666666,2808.1333333333337
ID1551,2,1161433.3333333333,1040.3333333333333,1040.3333333333333
ID1566,0,2947200.0,2658.5,2658.5
ID1566,1,4305750.0,3861.0,3861.0
ID1566,2,1215710.0,12095.666666666666,2419.1333333333337
ID1575,0,2356550.0,2105.0,2105.0
ID1587,2,1003471.6666666666,4848.333333333333,1381.2666666666667
ID1603,2,1290766.6666666667,1157.3333333333333,1157.3333333333333
ID1611,1,3574250.0,3215.3333333333335,3215.3333333333335
ID1611,2,1377816.6666666667,13846.0,2769.2000000000003
ID1625,0,2902850.0,2619.0,2619.0
ID1625,1,3323150.0,3004.5,3004.5
ID1625,2,1566416.6666666667,15709.666666666666,3141.933333333333
ID1635,2,1203216.6666666667,11952.666666666666,2390.5333333333333
ID1654,0,3061550.0,2772.0,2772.0
ID1654,1,3623850.0,3266.5,3266.5
ID1654,2,1414956.6666666667,14226.0,2845.2000000000003
ID1696,2,1223893.3333333333,12253.333333333334,2450.6666666666665
ID1718,2,1242266.6666666667,1118.0,1118.0
ID1721,1,3410616.6666666665,3081.3333333333335,3081.3333333333335
ID1721,2,1340043.3333333333,13446.666666666666,2689.3333333333335
ID1723,2,1001343.3333333334,4432.333333333333,1328.7333333333333
ID1726,2,1091966.6666666667,982.6666666666666,982.6666666666666
ID1732,2,1229480.0,12246.666666666666,2449.3333333333335
ID1734,2,1079670.0,10861.333333333334,2172.266666666667
ID1740,2,1251970.0,12529.0,2505.7999999999997
ID1743,2,1024983.3333333334,926.3333333333334,926.3333333333334
ID1745,2,1131483.3333333333,1018.3333333333334,1018.3333333333334
ID1750,1,3586600.0,3224.0,3224.0
ID1750,2,896833.3333333334,9027.333333333334,1805.4666666666665
ID1763,2,673753.3333333334,6724.333333333333,1344.8666666666668
ID1764,0,2989675.0,2686.0,2686.0
ID1764,1,3401050.0,3083.0,3083.0
ID1764,2,1393843.3333333333,13994.333333333334,2798.866666666667
ID1768,0,3162400.0,2824.0,2824.0
ID1768,1,3385975.0,3053.5,3053.5
ID1768,2,1544450.0,15442.333333333334,3088.466666666667
ID1769,2,974591.6666666666,4527.0,1315.1333333333334
ID1772,0,2830400.0,2527.0,2527.0
ID1772,1,3618050.0,3282.0,3282.0
ID1772,2,1460006.6666666667,14752.0,2950.4
ID1795,0,1967720.0,19621.0,3924.2
ID1795,1,3763200.0,3381.6666666666665,3381.6666666666665
ID1795,2,1642870.0,16294.5,3258.9
ID1808,0,3131200.0,2815.0,2815.0
ID1808,1,3679800.0,3334.5,3334.5
ID1808,2,1479793.3333333333,14821.0,2964.2000000000003
ID1811,0,2877050.0,2584.3333333333335,2584.3333333333335
ID1811,2,1382790.0,13909.0,2781.8000000000006
ID1818,2,1129410.0,11231.333333333334,2246.266666666667
ID1819,2,1167716.6666666667,1059.0,1059.0
ID1832,2,963135.0,4592.833333333333,1314.1666666666667
ID1840,0,2664343.3333333335,8647.666666666666,3147.4
ID1840,1,3346650.0,3037.0,3037.0
ID1840,2,1567075.0,15629.0,3125.8
ID1844,0,2878950.0,2589.3333333333335,2589.3333333333335
ID1859,2,1123406.6666666667,11280.0,2256.0
ID1860,2,650570.0,6548.666666666667,1309.7333333333333
ID1866,2,1026121.6666666666,5265.166666666667,1446.8999999999999
ID1878,2,1202113.3333333333,12013.333333333334,2402.6666666666665
ID1886,1,3467116.6666666665,3110.3333333333335,3110.3333333333335
ID1886,2,1690700.0,16937.333333333332,3387.466666666667
ID1893,2,545920.0,5488.666666666667,1097.7333333333333
ID1902,2,653100.0,6483.333333333333,1296.6666666666667
ID1908,1,3841000.0,3461.0,3461.0
ID1908,2,1298663.3333333333,13008.666666666666,2601.733333333333
ID1911,2,944406.6666666666,4214.166666666667,1255.6333333333334
ID1916,2,1179033.3333333333,1064.6666666666667,1064.6666666666667
ID1927,2,943630.0,4081.0,1242.4666666666665
ID1935,2,1102168.3333333333,5489.666666666667,1537.2666666666667
ID1946,2,1275256.6666666667,12759.0,2551.7999999999997
ID1948,2,1333100.0,1207.0,1207.0
ID1953,2,1175450.0,1062.3333333333333,1062.3333333333333
ID1954,0,2462383.3333333335,2201.6666666666665,2201.6666666666665
ID1968,2,972018.3333333334,4525.666666666667,1317.1333333333334
ID1983,2,1040513.3333333334,5233.833333333333,1458.8999999999999
ID1993,0,3096175.0,2770.5,2770.5
ID1993,1,3260450.0,2900.0,2900.0
ID1993,2,1230790.0,12192.666666666666,2438.5333333333333
ID1997,2,1199073.3333333333,11946.333333333334,2389.266666666667
ID2002,2,987696.6666666666,4692.166666666667,1350.4333333333334
ID2005,2,1257100.0,1126.6666666666667,1126.6666666666667
ID2031,1,3283800.0,2929.6666666666665,2929.6666666666665
ID2031,2,1347133.3333333333,13481.0,2696.2000000000003
ID2044,0,2675750.0,2419.6666666666665,2419.6666666666665
ID2051,1,3456283.3333333335,3100.0,3100.0
ID2051,2,1514023.3333333333,15122.0,3024.4
ID2054,2,682306.6666666666,6826.666666666667,1365.3333333333333
ID2059,2,1151793.3333333333,11506.333333333334,2301.266666666667
ID2074,0,2375616.6666666665,23733.333333333332,4746.666666666667
ID2074,1,4501650.0,4066.0,4066.0
ID2077,1,4073733.3333333335,3672.6666666666665,3672.6666666666665
ID2077,2,1502333.3333333333,15003.0,3000.6
ID2085,2,976686.6666666666,4522.166666666667,1315.9
ID2110,2,1151440.0,11539.0,2307.8
ID2112,0,2706550.0,2454.0,2454.0
ID2112,1,3659325.0,3296.0,3296.0
ID2112,2,1491526.6666666667,14951.0,2990.2000000000003
ID2117,2,1206916.6666666667,1097.0,1097.0
ID2126,2,1238976.6666666667,12457.333333333334,2491.4666666666667
ID2137,2,1249920.0,12426.333333333334,2485.266666666667
ID2138,1,3844166.6666666665,3441.6666666666665,3441.6666666666665
ID2138,2,1399466.6666666667,13981.333333333334,2796.2666666666664
ID2142,2,1167526.6666666667,11645.333333333334,2329.066666666667
ID2152,2,1172166.6666666667,11733.0,2346.6
ID2156,1,3386666.6666666665,3052.0,3052.0
ID2156,2,1475796.6666666667,14717.333333333334,2943.466666666667
ID2170,1,5616900.0,5050.0,5050.0
ID2170,2,1287863.3333333333,12867.666666666666,2573.5333333333333
ID2180,2,651933.3333333334,6534.0,1306.8
ID2198,2,702830.0,7014.666666666667,1402.9333333333334
ID2241,0,2635275.0,2372.0,2372.0
ID2241,1,3375600.0,2983.0,2983.0
ID2241,2,1461166.6666666667,14699.666666666666,2939.933333333333
ID2253,0,2659850.0,2411.5,2411.5
ID2253,1,3238700.0,2899.0,2899.0
ID2253,2,1516810.0,15194.333333333334,3038.866666666667
ID2263,2,1162110.0,11578.0,2315.6
ID2270,2,1239916.6666666667,1108.0,1108.0
ID2276,2,1183566.6666666667,11910.666666666666,2382.133333333333
ID2283,2,557390.0,5593.666666666667,1118.7333333333333
ID2291,0,2678366.6666666665,2407.6666666666665,2407.6666666666665
ID2321,0,2820475.0,2541.5,2541.5
ID2321,1,3439250.0,3109.0,3109.0
ID2321,2,1543460.0,15529.666666666666,3105.933333333333
ID2327,0,3108725.0,2801.5,2801.5
ID2327,1,3386600.0,3023.0,3023.0
ID2327,2,1424873.3333333333,14168.666666666666,2833.7333333333336
ID2333,2,910913.3333333334,4310.666666666667,1239.2
ID2342,0,2814750.0,2547.0,2547.0
ID2342,1,3559550.0,3169.0,3169.0
ID2342,2,1395123.3333333333,13929.333333333334,2785.866666666667
ID2367,0,3116000.0,2814.0,2814.0
ID2367,1,3259400.0,2953.0,2953.0
ID2367,2,1612786.6666666667,16079.666666666666,3215.933333333333
ID2370,1,3302400.0,2972.6666666666665,2972.6666666666665
ID2370,2,1395473.3333333333,14001.0,2800.2000000000003
ID2378,2,633920.0,6327.0,1265.3999999999999
ID2382,2,1196533.3333333333,1082.3333333333333,1082.3333333333333
ID2390,1,3897216.6666666665,3490.0,3490.0
ID2390,2,1495676.6666666667,15019.666666666666,3003.933333333333
ID2391,2,963430.0,5086.0,1378.9333333333334
ID2400,0,2559725.0,2316.0,2316.0
ID2400,1,3704350.0,3343.0,3343.0
ID2400,2,1297803.3333333333,12940.333333333334,2588.066666666667
ID2419,2,1152850.0,11602.333333333334,2320.4666666666667
ID2423,2,994053.3333333334,4593.666666666667,1341.1333333333334
ID2425,0,2446025.0,2205.0,2205.0
ID2425,2,1786500.0,1622.0,1622.0
ID2432,0,2994483.3333333335,2730.0,2730.0
ID2432,2,1361726.6666666667,13606.333333333334,2721.2666666666664
ID2453,2,1116926.6666666667,5658.333333333333,1571.1333333333332
ID2456,2,1231616.6666666667,1104.0,1104.0
ID2463,0,3008000.0,2710.0,2710.0
ID2463,1,3246200.0,2932.5,2932.5
ID2463,2,1426390.0,14247.333333333334,2849.4666666666667
ID2467,2,1242633.3333333333,1117.6666666666667,1117.6666666666667
ID2481,2,1112476.6666666667,11099.0,2219.7999999999997
ID2493,0,2624533.3333333335,2366.3333333333335,2366.3333333333335
ID2499,2,1241396.6666666667,12364.0,2472.8
ID2504,2,970435.0,4729.666666666667,1341.0
ID2508,2,1091900.0,10965.333333333334,2193.0666666666666
ID2521,1,3488133.3333333335,3165.6666666666665,3165.6666666666665
ID2521,2,1534313.3333333333,15295.0,3059.0
ID2525,2,1086156.6666666667,10769.333333333334,2153.866666666667
ID2533,2,1058621.6666666667,4887.166666666667,1431.4333333333334
ID2562,2,1098463.3333333333,10945.0,2189.0
ID2566,2,967208.3333333334,4352.0,1293.3333333333333
ID2582,2,1054083.3333333333,959.3333333333334,959.3333333333334
ID2592,2,1125603.3333333333,5591.833333333333,1565.1666666666667
ID2600,2,1242516.6666666667,1112.3333333333333,1112.3333333333333
ID2611,0,2421666.6666666665,2174.3333333333335,2174.3333333333335
ID2628,0,3015150.0,2679.0,2679.0
ID2628,1,3855750.0,3450.0,3450.0
ID2628,2,1553540.0,15449.666666666666,3089.933333333333
ID2631,2,1009186.6666666666,4693.0,1362.3333333333333
ID2648,0,2377183.3333333335,2140.3333333333335,2140.3333333333335
ID2655,2,1178606.6666666667,11750.0,2350.0
ID2670,0,2675325.0,2417.5,2417.5
ID2670,1,3498850.0,3148.0,3148.0
ID2670,2,1428973.3333333333,14398.333333333334,2879.6666666666665
ID2673,2,1174090.0,11713.666666666666,2342.7333333333336
ID2716,2,1128640.0,11273.0,2254.6
ID2725,0,2689933.3333333335,2410.0,2410.0
ID2729,1,3562150.0,3199.0,3199.0
ID2729,2,1649243.3333333333,16390.0,3278.0
ID2737,2,988405.0,4806.166666666667,1358.4333333333334
ID2798,0,2903500.0,2613.3333333333335,2613.3333333333335
ID2798,2,1417936.6666666667,14169.333333333334,2833.866666666667
ID2819,0,2240963.3333333335,22408.0,4481.6
ID2819,2,1268183.3333333333,1140.0,1140.0
ID2828,0,2860200.0,2561.0,2561.0
ID2828,1,4159950.0,3730.0,3730.0
ID2828,2,1470730.0,14595.666666666666,2919.133333333333
ID2846,2,1255303.3333333333,12581.0,2516.2000000000003
ID2857,2,1051258.3333333333,5008.333333333333,1434.0666666666666
ID2860,0,3016100.0,2723.5,2723.5
ID2860,1,3304550.0,2930.0,2930.0
ID2860,2,1504190.0,15156.333333333334,3031.266666666667
ID2861,0,2660300.0,2402.5,2402.5
ID2861,1,3835100.0,3475.0,3475.0
ID2861,2,1392663.3333333333,13837.333333333334,2767.4666666666667
ID2886,0,2688550.0,2419.0,2419.0
ID2886,1,3351150.0,3009.5,3009.5
ID2886,2,1246686.6666666667,12453.666666666666,2490.7333333333336
ID2897,2,1041756.6666666666,4916.166666666667,1418.5666666666666
ID2906,2,1088883.3333333333,10864.666666666666,2172.933333333334
ID2928,0,2362000.0,10818.0,3185.6
ID2928,1,3670825.0,3308.0,3308.0
ID2928,2,1592375.0,15754.0,3150.8
ID2929,0,3087900.0,2816.0,2816.0
ID2929,1,3673125.0,3305.0,3305.0
ID2929,2,1325866.6666666667,13378.333333333334,2675.6666666666665
ID2932,0,2473083.3333333335,2225.0,2225.0
ID2944,2,654850.0,6596.333333333333,1319.2666666666667
ID2951,2,972716.6666666666,4165.333333333333,1268.2666666666667
ID2957,2,1193073.3333333333,11876.0,2375.2000000000003
ID2978,2,990448.3333333334,4615.833333333333,1343.5666666666666
ID2979,2,1090026.6666666667,10906.333333333334,2181.2666666666664
ID2984,2,1379883.3333333333,1247.0,1247.0
ID3018,2,971431.6666666666,4669.166666666667,1332.6333333333334
ID3024,0,2624250.0,2380.0,2380.0
ID3024,1,3689025.0,3300.0,3300.0
ID3024,2,1461260.0,14478.333333333334,2895.6666666666665
ID3049,2,995545.0,4933.166666666667,1386.7666666666667
ID3075,1,3541266.6666666665,3194.3333333333335,3194.3333333333335
ID3075,2,1316270.0,13171.666666666666,2634.3333333333335
ID3083,2,1083140.0,10792.0,2158.4
ID3097,2,1273126.6666666667,12679.333333333334,2535.866666666667
ID3107,2,1027811.6666666666,5035.833333333333,1425.8333333333333
ID3125,2,1002408.3333333334,4858.5,1379.3
ID3127,0,2463417.5,17566.75,4080.35
ID3127,1,3738850.0,3392.0,3392.0
ID3140,2,1321283.3333333333,1191.3333333333333,1191.3333333333333
ID3142,1,3451850.0,3103.3333333333335,3103.3333333333335
ID3142,2,1252370.0,12455.333333333334,2491.066666666667
ID3153,0,2391633.3333333335,2160.6666666666665,2160.6666666666665
ID3156,0,2983200.0,2703.0,2703.0
ID3156,1,3611625.0,3253.0,3253.0
ID3156,2,1550950.0,15416.666666666666,3083.3333333333335
ID3169,2,1070283.3333333333,960.0,960.0
ID3181,0,2775450.0,2489.0,2489.0
ID3181,1,4003150.0,3600.0,3600.0
ID3181,2,1480823.3333333333,14914.0,2982.7999999999997
ID3189,0,2391450.0,2138.3333333333335,2138.3333333333335
ID3203,2,998460.0,4809.333333333333,1374.6666666666667
ID3205,0,3018975.0,2718.5,2718.5
ID3205,1,3535100.0,3176.0,3176.0
ID3205,2,1455513.3333333333,14582.0,2916.4
ID3213,0,2882950.0,2596.0,2596.0
ID3213,1,3563875.0,3187.0,3187.0
ID3213,2,1534073.3333333333,15181.333333333334,3036.2666666666664
ID3214,2,753606.6666666666,7532.333333333333,1506.4666666666665
ID3221,2,1352566.6666666667,13556.666666666666,2711.3333333333335
ID3222,0,2488533.3333333335,2246.6666666666665,2246.6666666666665
ID3227,0,2517466.6666666665,2266.0,2266.0
ID3232,0,2465466.6666666665,2229.3333333333335,2229.3333333333335
ID3236,0,2918083.3333333335,2627.6666666666665,2627.6666666666665
ID3236,2,1491020.0,14841.0,2968.2000000000003
ID3247,0,2937825.0,2636.5,2636.5
ID3247,1,3304650.0,2923.0,2923.0
ID3247,2,1286180.0,12951.0,2590.2000000000003
ID3269,2,995228.3333333334,4323.833333333333,1308.3666666666666
ID3287,2,1157216.6666666667,1050.6666666666667,1050.6666666666667
ID3289,0,3069350.0,2779.0,2779.0
ID3289,2,1406966.6666666667,14110.666666666666,2822.133333333333
ID3310,2,693666.6666666666,6969.666666666667,1393.9333333333334
ID3330,0,2717175.0,2408.5,2408.5
ID3330,1,4127000.0,3712.0,3712.0
ID3330,2,1365133.3333333333,13639.0,2727.8
ID3331,2,1030610.0,10246.333333333334,2049.266666666667
ID3335,2,1259916.6666666667,1133.3333333333333,1133.3333333333333
ID3343,2,1263233.3333333333,1132.3333333333333,1132.3333333333333
ID3376,0,2824450.0,2547.5,2547.5
ID3376,1,3689300.0,3292.0,3292.0
ID3376,2,1437213.3333333333,14337.0,2867.4
ID3386,0,2295250.0,2095.0,2095.0
ID3386,1,3883375.0,3506.0,3506.0
ID3386,2,1515560.0,15045.666666666666,3009.1333333333337
ID3409,2,1191750.0,1071.6666666666667,1071.6666666666667
ID3420,2,1070106.6666666667,10679.333333333334,2135.866666666667
ID3425,2,1134886.6666666667,11332.666666666666,2266.5333333333333
ID3435,2,1018776.6666666666,5141.166666666667,1431.8333333333333
ID3447,2,1219806.6666666667,12271.666666666666,2454.3333333333335
ID3458,0,3010850.0,2682.0,2682.0
ID3458,1,3627925.0,3284.5,3284.5
ID3458,2,1526920.0,15183.0,3036.6
ID3499,2,916576.6666666666,4522.666666666667,1271.7333333333333
ID3517,0,2612650.0,2355.3333333333335,2355.3333333333335
ID3522,2,973171.6666666666,4849.0,1356.6000000000001
ID3529,0,2817375.0,2528.5,2528.5
ID3529,1,3239050.0,2935.0,2935.0
ID3529,2,1490993.3333333333,14901.666666666666,2980.3333333333335
ID3534,0,2927350.0,2644.5,2644.5
ID3534,1,3433850.0,3117.0,3117.0
ID3534,2,1606023.3333333333,16060.0,3212.0
ID3549,1,4509116.666666667,4089.6666666666665,4089.6666666666665
ID3549,2,1442550.0,14461.666666666666,2892.3333333333335
ID3551,0,3074900.0,2775.5,2775.5
ID3551,1,3354100.0,3022.0,3022.0
ID3551,2,1317043.3333333333,13170.666666666666,2634.133333333333
ID3554,2,1040196.6666666666,4924.333333333333,1419.5333333333335
ID3570,0,2827350.0,2548.0,2548.0
ID3570,1,3204150.0,2871.0,2871.0
ID3570,2,1605696.6666666667,16007.333333333334,3201.466666666667
ID3582,2,1319496.6666666667,13236.666666666666,2647.3333333333335
ID3590,1,3713866.6666666665,3326.6666666666665,3326.6666666666665
ID3590,2,1405083.3333333333,13992.0,2798.4
ID3607,0,2683950.0,2445.0,2445.0
ID3607,1,3471650.0,3133.0,3133.0
ID3607,2,1446930.0,14540.0,2908.0
ID3631,2,1006631.6666666666,4750.333333333333,1369.0
ID3641,2,956110.0,4512.666666666667,1302.9333333333334
ID3652,0,2718450.0,2470.0,2470.0
ID3652,1,3346050.0,3022.5,3022.5
ID3652,2,1259866.6666666667,12539.666666666666,2507.933333333334
ID3656,2,1309040.0,13096.666666666666,2619.3333333333335
ID3662,2,1186666.6666666667,1067.0,1067.0
ID3688,2,1189560.0,11929.333333333334,2385.866666666667
ID3689,1,3394400.0,3053.6666666666665,3053.6666666666665
ID3689,2,1467236.6666666667,14558.0,2911.6
ID3715,2,986940.0,9935.0,1987.0
ID3723,2,1046163.3333333334,5180.5,1451.4333333333334
ID3726,2,1123566.6666666667,11299.666666666666,2259.9333333333334
ID3739,0,3075100.0,2766.5,2766.5
ID3739,1,3424500.0,3111.0,3111.0
ID3739,2,1472690.0,14650.0,2930.0
ID3741,1,3699550.0,3327.6666666666665,3327.6666666666665
ID3741,2,844330.0,8457.0,1691.3999999999999
ID3762,2,1005081.6666666666,4333.0,1315.2666666666667
ID3767,2,1066633.3333333333,959.3333333333334,959.3333333333334
ID3768,0,2358983.3333333335,2133.6666666666665,2133.6666666666665
ID3773,0,2558783.3333333335,2309.3333333333335,2309.3333333333335
ID3794,0,2787366.6666666665,2522.0,2522.0
ID3797,2,581796.6666666666,5826.666666666667,1165.3333333333333
ID3807,2,1134460.0,11357.333333333334,2271.4666666666667
ID3813,2,1010768.3333333334,4898.5,1393.7
ID3815,2,1167500.0,1056.0,1056.0
ID3839,0,3088866.6666666665,2779.0,2779.0
ID3839,2,1411143.3333333333,14051.666666666666,2810.3333333333335
ID3844,0,3064633.3333333335,2777.6666666666665,2777.6666666666665
ID3844,2,1550660.0,15538.333333333334,3107.6666666666665
ID3859,2,1006838.3333333334,4914.5,1393.0333333333335
ID3866,0,2857650.0,2588.0,2588.0
ID3866,1,3524950.0,3182.5,3182.5
ID3866,2,1237383.3333333333,12429.333333333334,2485.866666666667
ID3871,0,2737125.0,2474.0,2474.0
ID3871,1,4203300.0,3846.0,3846.0
ID3871,2,1351673.3333333333,13534.666666666666,2706.933333333334
ID3874,2,1194950.0,1079.6666666666667,1079.6666666666667
ID3876,2,1208893.3333333333,11957.333333333334,2391.4666666666667
ID3881,0,2184600.0,1917.0,1917.0
ID3881,1,3599150.0,3212.5,3212.5
ID3881,2,1405910.0,14104.0,2820.7999999999997
ID3899,2,1287816.6666666667,1161.3333333333333,1161.3333333333333
ID3910,2,1088476.6666666667,10871.333333333334,2174.266666666667
ID3922,0,2937700.0,2633.0,2633.0
ID3922,2,1425866.6666666667,14205.666666666666,2841.1333333333337
ID3935,0,2943700.0,2644.0,2644.0
ID3935,1,3944300.0,3538.0,3538.0
ID3935,2,1562246.6666666667,15553.0,3110.6
ID3946,0,2776667.5,21370.25,4776.65
ID3946,1,3851700.0,3475.0,3475.0
ID3948,2,1178216.6666666667,1068.0,1068.0
ID3968,0,2436416.6666666665,2213.3333333333335,2213.3333333333335
ID3980,2,1088690.0,10839.0,2167.8
ID3985,0,2410180.0,23875.666666666668,4775.133333333334
ID3985,1,4249183.333333333,3823.6666666666665,3823.6666666666665
ID3999,0,2403950.0,2174.0,2174.0
ID3999,1,3356525.0,2994.0,2994.0
ID3999,2,1385590.0,13989.0,2797.8000000000006
ID4003,2,1177168.3333333333,6373.0,1705.5333333333335
ID4005,2,620886.6666666666,6199.333333333333,1239.8666666666666
ID4010,2,1270183.3333333333,1142.0,1142.0
ID4011,0,3095550.0,2800.0,2800.0
ID4011,1,3375425.0,3057.5,3057.5
ID4011,2,1322253.3333333333,13203.333333333334,2640.6666666666665
ID4013,2,1033448.3333333334,5307.833333333333,1462.5
ID4014,2,1015238.3333333334,4796.166666666667,1384.8333333333333
ID4015,0,2845460.0,28503.333333333332,5700.666666666667
ID4015,1,8731916.666666666,7871.666666666667,7871.666666666667
ID4023,0,2987850.0,2685.0,2685.0
ID4023,1,3438875.0,3083.0,3083.0
ID4023,2,1494310.0,14851.333333333334,2970.2666666666664
ID4026,2,679993.3333333334,6819.0,1363.8
ID4028,2,909955.0,4313.333333333333,1243.8666666666666
ID4030,2,991980.0,4492.166666666667,1324.3
ID4035,0,2304800.0,2071.6666666666665,2071.6666666666665
ID4041,1,3406083.3333333335,3065.0,3065.0
ID4041,2,1107780.0,11122.333333333334,2224.4666666666667
ID4057,2,1035313.3333333334,4927.333333333333,1413.4666666666665
ID4065,0,2464400.0,2214.0,2214.0
ID4065,1,3427175.0,3086.0,3086.0
ID4065,2,1333370.0,13351.0,2670.2000000000003
ID4087,0,3109950.0,2821.0,2821.0
ID4087,1,3704825.0,3354.0,3354.0
ID4087,2,1492036.6666666667,15001.0,3000.2000000000003
ID4092,2,1158786.6666666667,11588.0,2317.6
ID4099,0,2662050.0,2401.0,2401.0
ID4107,2,1019973.3333333334,5145.333333333333,1433.4666666666665
ID4108,2,1045403.3333333334,10489.666666666666,2097.9333333333334
ID4109,2,1236896.6666666667,12356.666666666666,2471.3333333333335
ID4119,2,938586.6666666666,4452.166666666667,1282.1666666666667
ID4138,0,2489750.0,2251.6666666666665,2251.6666666666665
ID4158,1,3441883.3333333335,3099.6666666666665,3099.6666666666665
ID4158,2,1537666.6666666667,15533.0,3106.6
ID4159,0,3082175.0,2765.5,2765.5
ID4159,1,3839550.0,3489.0,3489.0
ID4159,2,1366666.6666666667,13578.0,2715.6
ID4170,0,2535733.3333333335,2275.6666666666665,2275.6666666666665
ID4172,0,3023900.0,2764.0,2764.0
ID4172,1,3545525.0,3165.5,3165.5
ID4172,2,1522016.6666666667,15161.333333333334,3032.2666666666664
ID4173,2,1038755.0,4975.833333333333,1423.966666666667
ID4176,0,2828166.6666666665,2552.0,2552.0
ID4179,0,2767633.3333333335,2506.0,2506.0
ID4192,2,1207996.6666666667,12095.0,2419.0
ID4195,2,1032901.6666666666,5101.833333333333,1435.7
ID4205,2,1003833.3333333334,5143.833333333333,1419.1666666666667
ID4214,2,685636.6666666666,6875.0,1375.0
ID4230,0,3182950.0,2921.0,2921.0
ID4230,1,3561550.0,3177.0,3177.0
ID4230,2,1394353.3333333333,13986.333333333334,2797.266666666667
ID4231,2,1197583.3333333333,1086.3333333333333,1086.3333333333333
ID4232,0,2443116.6666666665,2208.3333333333335,2208.3333333333335
ID4255,2,1041370.0,5249.0,1466.3333333333333
ID4271,2,995135.0,5016.666666666667,1397.3333333333333
ID4281,2,719146.6666666666,7170.333333333333,1434.0666666666666
ID4284,0,2798250.0,2560.0,2560.0
ID4284,1,3479900.0,3139.0,3139.0
ID4284,2,1429753.3333333333,14245.666666666666,2849.133333333333
ID4299,2,1273333.3333333333,12734.0,2546.7999999999997
ID4301,2,1039883.3333333334,931.0,931.0
ID4302,2,946708.3333333334,4320.0,1274.2666666666667
ID4323,2,648523.3333333334,6458.0,1291.6000000000001
ID4343,0,2958700.0,2660.0,2660.0
ID4343,1,3484375.0,3132.5,3132.5
ID4343,2,1513306.6666666667,15238.0,3047.6
ID4352,2,1032400.0,930.6666666666666,930.6666666666666
ID4360,0,3093850.0,2775.0,2775.0
ID4360,1,3737450.0,3375.5,3375.5
ID4360,2,1423243.3333333333,14196.666666666666,2839.3333333333335
ID4365,2,1066946.6666666667,10659.666666666666,2131.933333333334
ID4366,2,1353376.6666666667,13434.666666666666,2686.933333333333
ID4367,2,696923.3333333334,6981.666666666667,1396.3333333333333
ID4368,2,1332800.0,1203.0,1203.0
ID4384,2,946023.3333333334,4702.333333333333,1318.6000000000001
ID4389,0,2187125.0,1973.5,1973.5
ID4389,1,3242400.0,2926.0,2926.0
ID4394,2,708630.0,7142.333333333333,1428.4666666666665
ID4395,2,1102800.0,11089.333333333334,2217.866666666667
ID4419,0,2656250.0,2393.0,2393.0
ID4432,2,993968.3333333334,4641.0,1351.1333333333332
ID4434,2,596023.3333333334,5970.0,1194.0
ID4469,2,1224283.3333333333,1102.3333333333333,1102.3333333333333
ID4473,0,2222866.6666666665,2005.3333333333333,2005.3333333333333
ID4487,0,2917400.0,2632.0,2632.0
ID4487,1,3793225.0,3391.0,3391.0
ID4487,2,1496386.6666666667,15100.0,3020.0
ID4505,0,2868700.0,2619.0,2619.0
ID4505,1,3661725.0,3310.5,3310.5
ID4505,2,1230696.6666666667,12147.0,2429.4
ID4506,2,1194950.0,1071.6666666666667,1071.6666666666667
ID4520,1,3517916.6666666665,3189.0,3189.0
ID4520,2,723510.0,7203.666666666667,1440.7333333333333
ID4527,0,2720200.0,2455.6666666666665,2455.6666666666665
ID4532,2,923386.6666666666,4177.0,1236.4666666666667
ID4542,0,2525300.0,2240.0,2240.0
ID4542,1,3709000.0,3318.5,3318.5
ID4542,2,1487950.0,14835.333333333334,2967.066666666667
ID4545,2,1285583.3333333333,1153.0,1153.0
ID4548,2,1059133.3333333333,5233.166666666667,1468.7666666666667
ID4557,0,2430716.6666666665,2198.6666666666665,2198.6666666666665
ID4584,0,2269516.6666666665,2040.3333333333333,2040.3333333333333
ID4587,0,2933450.0,2601.0,2601.0
ID4587,1,3901375.0,3510.5,3510.5
ID4587,2,1381283.3333333333,13848.666666666666,2769.7333333333336
ID4601,0,2917450.0,2630.0,2630.0
ID4601,1,3372350.0,3037.0,3037.0
ID4601,2,1565963.3333333333,15714.0,3142.7999999999997
ID4606,0,3094550.0,2786.5,2786.5
ID4606,1,3467000.0,3144.0,3144.0
ID4606,2,1540993.3333333333,15413.0,3082.6
ID4613,2,1009765.0,4905.166666666667,1390.7666666666667
ID4622,2,1117933.3333333333,1018.3333333333334,1018.3333333333334
ID4625,2,1290200.0,12915.333333333334,2583.066666666667
ID4669,2,1102333.3333333333,996.6666666666666,996.6666666666666
ID4675,0,2625650.0,2352.3333333333335,2352.3333333333335
ID4678,0,2696400.0,2430.0,2430.0
ID4692,0,2385000.0,2168.6666666666665,2168.6666666666665
ID4699,0,2441533.3333333335,2202.3333333333335,2202.3333333333335
ID4716,0,3101750.0,2822.0,2822.0
ID4716,1,3251525.0,2913.0,2913.0
ID4716,2,1147713.3333333333,11464.0,2292.7999999999997
ID4722,2,1389243.3333333333,13887.666666666666,2777.5333333333333
ID4734,2,1295950.0,12930.333333333334,2586.066666666667
ID4752,2,1083056.6666666667,10910.0,2182.0
ID4755,2,1016730.0,5096.166666666667,1422.7
ID4775,2,1129366.6666666667,1021.3333333333334,1021.3333333333334
ID4779,2,696390.0,6942.0,1388.3999999999999
ID4785,0,2359475.0,2114.5,2114.5
ID4785,2,1693350.0,1534.0,1534.0
ID4786,0,2755866.6666666665,2485.3333333333335,2485.3333333333335
ID4794,0,2288916.6666666665,2076.3333333333335,2076.3333333333335
ID4800,2,1005845.0,4931.666666666667,1389.9333333333334
ID4810,0,3129850.0,2848.0,2848.0
ID4810,1,4194525.0,3786.5,3786.5
ID4810,2,1354140.0,13525.333333333334,2705.066666666667
ID4811,0,2385016.6666666665,2157.0,2157.0
ID4831,1,3581283.3333333335,3209.6666666666665,3209.6666666666665
ID4831,2,1309933.3333333333,13027.666666666666,2605.5333333333333
ID4857,0,2587300.0,2328.6666666666665,2328.6666666666665
ID4859,0,2810416.6666666665,2539.3333333333335,2539.3333333333335
ID4862,2,999005.0,4722.0,1357.4666666666667
ID4865,0,2991300.0,2686.0,2686.0
ID4865,1,3262925.0,2912.5,2912.5
ID4865,2,1365636.6666666667,13708.333333333334,2741.6666666666665
ID4875,0,2482033.3333333335,2226.0,2226.0
ID4878,0,3158250.0,2877.5,2877.5
ID4878,1,3681350.0,3310.0,3310.0
ID4878,2,1538446.6666666667,15435.0,3087.0
ID4883,2,661703.3333333334,6624.333333333333,1324.8666666666666
ID4895,0,2415233.3333333335,2173.0,2173.0
ID4902,2,1097183.3333333333,987.6666666666666,987.6666666666666
ID4908,1,3577933.3333333335,3221.3333333333335,3221.3333333333335
ID4908,2,1504546.6666666667,15116.666666666666,3023.3333333333335
ID4920,2,1153093.3333333333,11488.666666666666,2297.733333333333
ID4924,0,2949500.0,2631.0,2631.0
ID4924,1,3391850.0,3048.5,3048.5
ID4924,2,1322750.0,13247.0,2649.4
ID4931,0,2499216.6666666665,2251.0,2251.0
ID4951,0,2544300.0,2272.3333333333335,2272.3333333333335
ID4958,2,550760.0,5483.333333333333,1096.6666666666667
ID4960,2,1067990.0,5097.166666666667,1462.8999999999999
ID4962,2,1043025.0,5105.0,1441.9333333333334
ID4975,2,1233530.0,12286.666666666666,2457.3333333333335
ID4976,2,704286.6666666666,7010.0,1402.0
ID4978,0,2784350.0,2525.0,2525.0
ID4978,1,3287900.0,2941.0,2941.0
ID4978,2,1498186.6666666667,14844.666666666666,2968.933333333333
ID4984,2,875170.0,3855.0,1155.8
ID5002,2,1171583.3333333333,1048.3333333333333,1048.3333333333333
ID5003,2,1036100.0,5270.5,1457.5666666666666
ID5021,2,1154080.0,11519.666666666666,2303.9333333333334
ID5023,0,3184675.0,2873.0,2873.0
ID5023,1,3623100.0,3200.0,3200.0
ID5023,2,1486716.6666666667,14838.0,2967.6000000000004
ID5036,0,2276766.6666666665,2032.6666666666667,2032.6666666666667
ID5062,1,3507316.6666666665,3152.3333333333335,3152.3333333333335
ID5062,2,1364486.6666666667,13492.333333333334,2698.4666666666667
ID5099,2,647836.6666666666,6508.333333333333,1301.6666666666667
ID5106,0,2616850.0,2361.6666666666665,2361.6666666666665
ID5121,0,2819750.0,2588.0,2588.0
ID5121,1,4251375.0,3818.5,3818.5
ID5121,2,1384553.3333333333,13896.666666666666,2779.3333333333335
ID5124,0,2235950.0,2017.0,2017.0
ID5124,1,3514200.0,3167.5,3167.5
ID5124,2,1643790.0,16398.333333333332,3279.6666666666665
ID5134,2,1148046.6666666667,11399.666666666666,2279.9333333333334
ID5152,2,1147590.0,11454.0,2290.8
ID5158,2,599483.3333333334,5960.0,1192.0
ID5163,0,3018900.0,2734.0,2734.0
ID5163,1,3524200.0,3132.0,3132.0
ID5163,2,1669653.3333333333,16796.666666666668,3359.3333333333335
ID5166,0,2369600.0,2123.0,2123.0
ID5166,2,1874700.0,1664.0,1664.0
ID5176,2,930443.3333333334,4319.166666666667,1259.5666666666666
ID5178,0,3043300.0,2771.0,2771.0
ID5178,1,3394625.0,3016.5,3016.5
ID5178,2,1356120.0,13547.0,2709.4
ID5189,2,989786.6666666666,4672.333333333333,1347.8
ID5199,2,1082676.6666666667,10918.0,2183.6
ID5207,0,3057800.0,2737.0,2737.0
ID5207,1,3422500.0,3099.5,3099.5
ID5207,2,1133713.3333333333,11313.666666666666,2262.7333333333336
ID5211,2,1216783.3333333333,1101.6666666666667,1101.6666666666667
ID5224,2,1020075.0,4879.833333333333,1393.1666666666667
ID5229,2,688093.3333333334,6902.666666666667,1380.5333333333335
ID5233,0,3030250.0,2692.0,2692.0
ID5233,1,3774875.0,3410.5,3410.5
ID5233,2,1470823.3333333333,14583.333333333334,2916.6666666666665
ID5248,0,2966100.0,2663.0,2663.0
ID5248,1,3401300.0,3060.0,3060.0
ID5248,2,1541133.3333333333,15338.666666666666,3067.7333333333336
ID5250,2,1080046.6666666667,10879.333333333334,2175.866666666667
ID5264,2,1222783.3333333333,1100.3333333333333,1100.3333333333333
ID5287,0,2975083.3333333335,2663.3333333333335,2663.3333333333335
ID5287,2,1279190.0,12894.0,2578.7999999999997
ID5295,2,1157193.3333333333,11620.0,2324.0
ID5306,2,706773.3333333334,7121.0,1424.2
ID5322,2,947040.0,4372.0,1280.5333333333333
ID5330,0,2225033.3333333335,2004.0,2004.0
ID5340,2,1193660.0,11995.333333333334,2399.066666666667
ID5341,0,2282833.3333333335,2072.0,2072.0
ID5346,2,961548.3333333334,4434.666666666667,1302.0
ID5355,2,957455.0,4782.0,1340.1333333333334
ID5357,0,2814100.0,2536.0,2536.0
ID5357,1,3384725.0,3048.5,3048.5
ID5357,2,1303216.6666666667,13016.333333333334,2603.266666666667
ID5381,2,1339516.6666666667,1202.0,1202.0
ID5386,0,2571300.0,2314.3333333333335,2314.3333333333335
ID5388,0,2600666.6666666665,2347.3333333333335,2347.3333333333335
ID5390,0,2848600.0,2567.0,2567.0
ID5390,1,4061450.0,3639.0,3639.0
ID5390,2,1324133.3333333333,13184.333333333334,2636.866666666667
ID5393,2,1192950.0,1075.3333333333333,1075.3333333333333
ID5400,0,2609516.6666666665,2350.3333333333335,2350.3333333333335
ID5407,0,2763883.3333333335,2449.0,2449.0
ID5407,2,1401053.3333333333,14083.666666666666,2816.7333333333336
ID5426,0,2741750.0,2452.0,2452.0
ID5426,1,3443400.0,3092.0,3092.0
ID5426,2,1215093.3333333333,12130.0,2426.0
ID5432,2,1300783.3333333333,1173.3333333333333,1173.3333333333333
ID5436,2,698266.6666666666,6972.333333333333,1394.4666666666665
ID5440,2,1101650.0,995.3333333333334,995.3333333333334
ID5446,0,2463383.3333333335,2227.6666666666665,2227.6666666666665
ID5458,0,2673925.0,2393.5,2393.5
ID5458,1,3284500.0,2970.0,2970.0
ID5458,2,1629913.3333333333,16224.666666666666,3244.933333333333
ID5463,0,2767125.0,2475.0,2475.0
ID5463,1,3702550.0,3283.0,3283.0
ID5463,2,1524773.3333333333,15225.333333333334,3045.066666666667
ID5468,0,2653900.0,2396.0,2396.0
ID5498,0,2704200.0,2440.0,2440.0
ID5498,1,3421350.0,3097.0,3097.0
ID5498,2,1436723.3333333333,14429.0,2885.7999999999997
ID5499,2,1068963.3333333333,10655.0,2131.0
ID5501,2,1145316.6666666667,1034.6666666666667,1034.6666666666667
ID5518,2,670490.0,6744.333333333333,1348.8666666666668
ID5520,0,3172300.0,2827.0,2827.0
ID5520,1,3363450.0,3014.5,3014.5
ID5520,2,1366236.6666666667,13771.333333333334,2754.2666666666664
ID5532,2,1188600.0,1074.3333333333333,1074.3333333333333
ID5538,0,2423866.6666666665,2179.6666666666665,2179.6666666666665
ID5556,2,1257030.0,12546.666666666666,2509.3333333333335
ID5557,0,2759800.0,2496.6666666666665,2496.6666666666665
ID5561,2,997476.6666666666,9979.666666666666,1995.9333333333334
ID5562,2,1330466.6666666667,1205.3333333333333,1205.3333333333333
ID5563,2,1318005.0,8288.333333333334,2049.5333333333333
ID5566,0,2653900.0,2394.0,2394.0
ID5566,1,3462550.0,3113.5,3113.5
ID5566,2,1183703.3333333333,11898.333333333334,2379.6666666666665
ID5579,2,1077633.3333333333,10718.666666666666,2143.733333333333
ID5591,2,1114296.6666666667,11093.0,2218.6
ID5606,2,1132256.6666666667,11385.333333333334,2277.066666666667
ID5618,0,2469283.3333333335,2213.6666666666665,2213.6666666666665
ID5627,0,2876650.0,2579.0,2579.0
ID5627,1,3397150.0,3072.0,3072.0
ID5627,2,1712440.0,17155.0,3431.0
ID5641,0,3000500.0,2702.0,2702.0
ID5641,1,3520650.0,3183.5,3183.5
ID5641,2,1602936.6666666667,16050.0,3210.0
ID5642,2,982213.3333333334,4829.5,1362.1666666666667
ID5643,2,1170120.0,11777.333333333334,2355.4666666666667
ID5646,0,2718002.5,6978.0,2998.2
ID5646,2,1301285.0,12975.0,2595.0
ID5654,0,2585533.3333333335,2315.6666666666665,2315.6666666666665
ID5655,0,2336783.3333333335,2102.6666666666665,2102.6666666666665
ID5662,0,3113350.0,2753.0,2753.0
ID5662,1,3766550.0,3375.5,3375.5
ID5662,2,1453320.0,14568.333333333334,2913.6666666666665
ID5677,0,2482516.6666666665,2240.6666666666665,2240.6666666666665
ID5679,0,2631366.6666666665,2362.0,2362.0
ID5712,2,938660.0,4284.666666666667,1261.4666666666667
ID5720,2,1269016.6666666667,1141.0,1141.0
ID5726,2,1231333.3333333333,1100.0,1100.0
ID5728,0,2656450.0,2379.0,2379.0
ID5728,1,3403025.0,3057.0,3057.0
ID5728,2,1495820.0,14934.333333333334,2986.866666666667
ID5758,0,3130950.0,2845.5,2845.5
ID5758,1,3689100.0,3302.0,3302.0
ID5758,2,1336680.0,13359.0,2671.8
ID5770,0,2630950.0,2310.0,2310.0
ID5770,1,3308100.0,2994.5,2994.5
ID5770,2,1437496.6666666667,14472.0,2894.4
ID5772,0,2329900.0,2109.5,2109.5
ID5772,2,1646150.0,1467.0,1467.0
ID5781,2,1163650.0,1049.6666666666667,1049.6666666666667
ID5792,2,960283.3333333334,4387.333333333333,1285.6000000000001
ID5797,2,1218193.3333333333,12150.333333333334,2430.0666666666666
ID5799,0,2625266.6666666665,2360.6666666666665,2360.6666666666665
ID5825,2,573213.3333333334,5706.0,1141.2
ID5839,0,3062850.0,2737.0,2737.0
ID5839,1,3660300.0,3295.5,3295.5
ID5839,2,1422670.0,14355.0,2871.0
ID5840,2,1257366.6666666667,1133.6666666666667,1133.6666666666667
ID5842,2,961028.3333333334,4445.666666666667,1296.0666666666666
ID5858,2,1091596.6666666667,10927.666666666666,2185.5333333333333
ID5859,0,2610890.0,26031.0,5206.2
ID5867,2,966593.3333333334,4522.0,1311.2
ID5868,2,707030.0,7022.666666666667,1404.5333333333335
ID5879,2,1219853.3333333333,12216.0,2443.2000000000003
ID5884,2,1045123.3333333334,5131.833333333333,1451.1666666666667
ID5889,2,686380.0,6837.666666666667,1367.5333333333335
ID5899,0,3058950.0,2733.0,2733.0
ID5899,1,3325000.0,3000.5,3000.5
ID5899,2,1580940.0,15697.333333333334,3139.4666666666667
ID5913,0,2290756.6666666665,22843.0,4568.599999999999
ID5913,1,4183966.6666666665,3777.3333333333335,3777.3333333333335
ID5926,2,898235.0,3962.0,1192.0
ID5934,2,1050998.3333333333,4993.0,1433.2666666666667
ID5939,0,2594650.0,2340.0,2340.0
ID5942,2,1167133.3333333333,1049.0,1049.0
ID5959,2,989336.6666666666,4449.0,1320.6000000000001
ID5967,2,975440.0,4421.833333333333,1305.5666666666666
ID5971,2,720486.6666666666,7219.333333333333,1443.8666666666668
ID5979,0,2772600.0,2494.0,2494.0
ID5979,1,3918825.0,3529.0,3529.0
ID5979,2,1364776.6666666667,13645.0,2729.0
ID5985,2,1176500.0,1053.3333333333333,1053.3333333333333
ID6020,2,1001893.3333333334,4887.666666666667,1383.2666666666667
ID6025,2,1177533.3333333333,11744.333333333334,2348.866666666667
ID6026,2,1221743.3333333333,12221.666666666666,2444.3333333333335
ID6031,1,3342416.6666666665,3010.0,3010.0
ID6031,2,1432096.6666666667,14307.0,2861.4
ID6037,2,1248783.3333333333,1127.3333333333333,1127.3333333333333
ID6038,2,633816.6666666666,6436.666666666667,1287.3333333333333
ID6039,2,1154223.3333333333,11510.666666666666,2302.133333333333
ID6046,0,2897150.0,2595.5,2595.5
ID6046,1,3242000.0,2939.0,2939.0
ID6046,2,1512093.3333333333,15094.666666666666,3018.933333333333
ID6052,2,1025586.6666666666,5122.166666666667,1430.8333333333333
ID6055,0,2162823.3333333335,21649.333333333332,4329.866666666666
ID6078,1,3497650.0,3161.3333333333335,3161.3333333333335
ID6078,2,1485110.0,14779.0,2955.7999999999997
ID6080,0,2662766.6666666665,2402.0,2402.0
ID6089,0,2940050.0,2658.0,2658.0
ID6089,1,3762075.0,3406.0,3406.0
ID6089,2,1465326.6666666667,14637.666666666666,2927.5333333333333
ID6094,2,1079216.6666666667,10806.0,2161.2000000000003
ID6103,2,1101666.6666666667,1002.6666666666666,1002.6666666666666
ID6105,2,1179030.0,11909.333333333334,2381.866666666667
ID6126,2,1194653.3333333333,11924.333333333334,2384.866666666667
ID6135,2,1181250.0,11775.333333333334,2355.066666666667
ID6137,2,945133.3333333334,4035.3333333333335,1238.5333333333333
ID6149,2,1023181.6666666666,4938.0,1405.4666666666665
ID6156,2,1094386.6666666667,11019.666666666666,2203.933333333333
ID6161,2,944605.0,4506.833333333333,1296.0333333333335
ID6162,2,1017578.3333333334,4714.833333333333,1379.1000000000001
ID6166,2,1092446.6666666667,10954.666666666666,2190.9333333333334
ID6167,2,1079103.3333333333,10661.666666666666,2132.3333333333335
ID6201,2,1008075.0,4654.666666666667,1358.0
ID6210,2,1093570.0,10901.666666666666,2180.3333333333335
ID6214,0,2193550.0,22015.0,4403.0
ID6214,1,3363816.6666666665,3047.6666666666665,3047.6666666666665
ID6225,2,1095943.3333333333,10955.333333333334,2191.066666666667
ID6226,0,2321300.0,2132.0,2132.0
ID6226,1,3534450.0,3191.0,3191.0
ID6226,2,1425126.6666666667,14183.0,2836.6000000000004
ID6228,0,3085250.0,2762.0,2762.0
ID6228,1,3486500.0,3119.5,3119.5
ID6228,2,1549726.6666666667,15513.333333333334,3102.6666666666665
ID6278,0,2593583.3333333335,2335.3333333333335,2335.3333333333335
ID6284,2,1180450.0,1065.6666666666667,1065.6666666666667
ID6289,2,633990.0,6337.0,1267.3999999999999
ID6292,2,1154513.3333333333,11559.0,2311.7999999999997
ID6295,0,3023725.0,2766.0,2766.0
ID6295,1,3232950.0,2887.0,2887.0
ID6295,2,1502710.0,15098.666666666666,3019.7333333333336
ID6296,0,2816775.0,2557.5,2557.5
ID6296,1,3746750.0,3379.0,3379.0
ID6296,2,1249660.0,12438.666666666666,2487.733333333333
ID6304,0,2992350.0,2731.0,2731.0
ID6304,1,3729000.0,3339.0,3339.0
ID6304,2,1415880.0,14112.333333333334,2822.4666666666667
ID6307,0,3084916.6666666665,2776.0,2776.0
ID6307,2,1239933.3333333333,12509.666666666666,2501.9333333333334
ID6334,2,974240.0,4658.666666666667,1334.2666666666667
ID6352,2,1138593.3333333333,11317.666666666666,2263.5333333333333
ID6357,0,2977500.0,2698.0,2698.0
ID6357,1,3359025.0,3024.5,3024.5
ID6357,2,1439900.0,14366.666666666666,2873.3333333333335
ID6361,0,2530100.0,2276.6666666666665,2276.6666666666665
ID6379,2,688980.0,6841.0,1368.2
ID6385,1,3373866.6666666665,3015.0,3015.0
ID6385,2,1289373.3333333333,12994.0,2598.8
ID6387,2,1162083.3333333333,1045.6666666666667,1045.6666666666667
ID6394,0,2611633.3333333335,2353.6666666666665,2353.6666666666665
ID6397,0,2805575.0,2533.5,2533.5
ID6397,1,3223400.0,2882.0,2882.0
ID6397,2,1458196.6666666667,14643.666666666666,2928.7333333333336
ID6408,2,748533.3333333334,7437.333333333333,1487.4666666666665
ID6411,2,1007596.6666666666,4938.0,1394.0
ID6449,2,1216850.0,1092.3333333333333,1092.3333333333333
ID6459,0,2589550.0,2320.0,2320.0
ID6459,1,3521400.0,3173.0,3173.0
ID6459,2,1235596.6666666667,12443.666666666666,2488.7333333333336
ID6475,0,2536450.0,2276.0,2276.0
ID6476,0,2730100.0,2454.6666666666665,2454.6666666666665
ID6487,0,2860600.0,2561.0,2561.0
ID6487,1,3278375.0,2939.0,2939.0
ID6487,2,1394473.3333333333,14014.666666666666,2802.933333333333
ID6490,2,1239533.3333333333,1112.3333333333333,1112.3333333333333
ID6501,2,1038350.0,942.0,942.0
ID6510,0,3043200.0,2730.0,2730.0
ID6510,1,3561525.0,3204.5,3204.5
ID6510,2,1309803.3333333333,13106.666666666666,2621.3333333333335
ID6513,2,962785.0,4613.833333333333,1319.9666666666667
ID6526,2,783263.3333333334,7838.0,1567.6000000000001
ID6542,2,717990.0,7153.666666666667,1430.7333333333333
ID6549,2,1068271.6666666667,5162.333333333333,1471.0
ID6554,0,2238625.0,2027.5,2027.5
ID6554,2,1880100.0,1679.0,1679.0
ID6558,0,2373750.0,2129.0,2129.0
ID6558,1,3519350.0,3172.0,3172.0
ID6558,2,1308840.0,13132.333333333334,2626.4666666666667
ID6564,0,2678850.0,2427.0,2427.0
ID6564,1,3436750.0,3081.5,3081.5
ID6564,2,1532706.6666666667,15372.666666666666,3074.5333333333333
ID6573,2,670940.0,6679.666666666667,1335.9333333333334
ID6574,1,5236683.333333333,4714.0,4714.0
ID6574,2,1307046.6666666667,13211.666666666666,2642.3333333333335
ID6600,0,2456775.0,2210.0,2210.0
ID6600,2,1810950.0,1644.0,1644.0
ID6602,0,3108025.0,2802.0,2802.0
ID6602,1,4091600.0,3670.0,3670.0
ID6602,2,1409370.0,14237.333333333334,2847.4666666666667
ID6611,2,632946.6666666666,6359.666666666667,1271.9333333333334
ID6613,0,2582900.0,2319.0,2319.0
ID6613,1,3897475.0,3514.5,3514.5
ID6613,2,1551870.0,15494.666666666666,3098.933333333333
ID6620,0,3004750.0,2702.5,2702.5
ID6620,1,3487650.0,3140.0,3140.0
ID6620,2,1308586.6666666667,13064.333333333334,2612.866666666667
ID6628,0,2685641.6666666665,13607.833333333334,3746.7666666666664
ID6641,0,2503866.6666666665,2260.0,2260.0
ID6660,2,716576.6666666666,7185.333333333333,1437.0666666666666
ID6675,2,1022166.6666666666,918.6666666666666,918.6666666666666
ID6697,0,2595650.0,2325.0,2325.0
ID6700,0,2707766.6666666665,2432.0,2432.0
ID6708,0,2159290.0,21703.0,4340.6
ID6708,1,3629400.0,3289.0,3289.0
ID6708,2,1839120.0,18417.0,3683.4
ID6737,2,1024885.0,4949.0,1408.3333333333333
ID6745,2,1024970.0,5132.333333333333,1431.1333333333332
ID6766,2,970936.6666666666,9711.333333333334,1942.2666666666667
ID6799,0,2788350.0,2545.0,2545.0
ID6799,1,3456900.0,3129.0,3129.0
ID6799,2,1558306.6666666667,15566.333333333334,3113.2666666666664
ID6805,0,2914850.0,2600.0,2600.0
ID6805,1,3745100.0,3370.0,3370.0
ID6805,2,1495893.3333333333,14873.0,2974.6000000000004
ID6823,2,574673.3333333334,5722.666666666667,1144.5333333333335
ID6849,1,3525216.6666666665,3165.6666666666665,3165.6666666666665
ID6849,2,1651823.3333333333,16487.0,3297.4
ID6859,2,896870.0,3897.3333333333335,1177.2
ID6863,2,1260463.3333333333,12669.0,2533.7999999999997
ID6869,0,2706950.0,2406.0,2406.0
ID6869,1,3978075.0,3599.0,3599.0
ID6869,2,1675756.6666666667,16827.666666666668,3365.5333333333333
ID6874,2,1093083.3333333333,983.0,983.0
ID6875,2,1024781.6666666666,5088.333333333333,1431.0
ID6878,2,964150.0,4259.333333333333,1276.1333333333334
ID6886,0,2889550.0,2619.5,2619.5
ID6886,1,3827300.0,3445.0,3445.0
ID6886,2,1293343.3333333333,12872.666666666666,2574.5333333333333
ID6900,0,2478343.3333333335,24654.0,4930.8
ID6901,0,2312650.0,2086.3333333333335,2086.3333333333335
ID6904,2,1215150.0,1097.6666666666667,1097.6666666666667
ID6908,0,2768050.0,2489.6666666666665,2489.6666666666665
ID6909,0,2839350.0,2549.0,2549.0
ID6909,1,3775350.0,3437.0,3437.0
ID6909,2,1520490.0,15251.666666666666,3050.3333333333335
ID6925,0,2412550.0,2193.3333333333335,2193.3333333333335
ID6927,0,2979616.6666666665,2710.0,2710.0
ID6927,2,1355700.0,13639.666666666666,2727.933333333334
ID6929,0,2762950.0,2450.0,2450.0
ID6929,1,3456200.0,3104.5,3104.5
ID6929,2,1655686.6666666667,16531.666666666668,3306.3333333333335
ID6950,2,1313650.0,13273.0,2654.6
ID6952,2,1036086.6666666666,10351.0,2070.2000000000003
ID6953,2,973898.3333333334,4931.833333333333,1368.3666666666668
ID6954,0,2466633.3333333335,2240.3333333333335,2240.3333333333335
ID6958,1,3506283.3333333335,3154.0,3154.0
ID6958,2,1386656.6666666667,13796.0,2759.2000000000003
ID6967,0,2964716.6666666665,2678.3333333333335,2678.3333333333335
ID6967,2,1191820.0,11898.0,2379.6
ID6976,1,3566483.3333333335,3172.0,3172.0
ID6976,2,1490000.0,14782.0,2956.4
ID6977,2,984506.6666666666,4353.333333333333,1304.3999999999999
ID6983,0,2501425.0,2250.0,2250.0
ID6983,1,3556750.0,3175.0,3175.0
ID6983,2,1339130.0,13407.666666666666,2681.5333333333333
ID7001,2,940495.0,4372.5,1271.4333333333334
ID7011,0,2563583.3333333335,2319.0,2319.0
ID7018,0,2696500.0,2446.0,2446.0
ID7018,1,3339225.0,3024.5,3024.5
ID7018,2,1617370.0,16206.0,3241.2000000000003
ID7022,2,1053443.3333333333,10506.333333333334,2101.266666666667
ID7029,0,2317886.6666666665,23105.0,4621.0
ID7029,1,4112383.3333333335,3706.0,3706.0
ID7033,2,1020435.0,4920.666666666667,1402.8
ID7041,0,2670883.3333333335,2401.6666666666665,2401.6666666666665
ID7045,2,1080726.6666666667,5344.0,1503.7333333333336
ID7050,2,1239293.3333333333,12258.0,2451.6
ID7063,2,1012610.0,4752.5,1375.9666666666665
ID7064,2,1196000.0,1073.3333333333333,1073.3333333333333
ID7069,2,912273.3333333334,4202.666666666667,1235.6000000000001
ID7071,0,2434150.0,2218.0,2218.0
ID7071,1,3474000.0,3132.0,3132.0
ID7071,2,1390606.6666666667,14011.666666666666,2802.3333333333335
ID7073,2,1047030.0,5160.666666666667,1452.2666666666667
ID7107,0,2401950.0,2163.0,2163.0
ID7109,0,2678216.6666666665,2383.0,2383.0
ID7109,2,1415476.6666666667,14216.333333333334,2843.2666666666664
ID7120,0,2477683.3333333335,2227.3333333333335,2227.3333333333335
ID7133,2,1059775.0,5228.666666666667,1470.5333333333335
ID7137,0,2720476.6666666665,27420.333333333332,5484.066666666667
ID7137,1,6990250.0,6295.666666666667,6295.666666666667
ID7138,2,1228370.0,12204.0,2440.7999999999997
ID7140,2,1158250.0,1038.6666666666667,1038.6666666666667
ID7161,2,998871.6666666666,4785.5,1370.8333333333333
ID7167,0,2818150.0,2551.0,2551.0
ID7167,1,3213200.0,2874.0,2874.0
ID7167,2,1284156.6666666667,12773.333333333334,2554.6666666666665
ID7192,0,2900900.0,2650.0,2650.0
ID7192,1,3304800.0,2989.0,2989.0
ID7192,2,1481000.0,14870.666666666666,2974.133333333333
ID7199,0,3166250.0,2822.0,2822.0
ID7199,1,3573500.0,3217.0,3217.0
ID7199,2,1258656.6666666667,12485.666666666666,2497.1333333333337
ID7203,2,1164306.6666666667,11582.0,2316.4
ID7204,0,2436150.0,2183.0,2183.0
ID7204,2,1838650.0,1637.0,1637.0
ID7212,2,706510.0,6977.0,1395.3999999999999
ID7222,1,3660716.6666666665,3300.6666666666665,3300.6666666666665
ID7222,2,1591140.0,15910.333333333334,3182.066666666667
ID7238,2,1217236.6666666667,12151.0,2430.2000000000003
ID7239,0,2382916.6666666665,2146.0,2146.0
ID7260,2,1107253.3333333333,11079.666666666666,2215.933333333334
ID7275,2,1125343.3333333333,11257.333333333334,2251.4666666666667
ID7277,2,720316.6666666666,7178.0,1435.6000000000001
ID7290,2,1201833.3333333333,1080.6666666666667,1080.6666666666667
ID7293,0,2077000.0,1854.0,1854.0
ID7305,2,1063050.0,955.6666666666666,955.6666666666666
ID7308,2,964628.3333333334,4476.5,1304.5
ID7309,0,2603133.3333333335,2337.3333333333335,2337.3333333333335
ID7313,2,967083.3333333334,867.0,867.0
ID7321,2,1143820.0,11486.0,2297.2000000000003
ID7332,2,1255153.3333333333,12581.333333333334,2516.266666666667
ID7346,2,1212466.6666666667,1098.3333333333333,1098.3333333333333
ID7358,0,2373443.3333333335,23829.666666666668,4765.933333333333
ID7358,1,4407183.333333333,3971.0,3971.0
ID7359,2,1052028.3333333333,5361.0,1484.3333333333333
ID7369,0,2815433.3333333335,2544.0,2544.0
ID7369,2,1421930.0,14137.666666666666,2827.5333333333333
ID7374,0,2800550.0,2527.0,2527.0
ID7374,1,3487050.0,3164.0,3164.0
ID7374,2,1452690.0,14297.333333333334,2859.4666666666667
ID7376,2,1037766.6666666666,940.0,940.0
ID7377,0,2654475.0,2367.0,2367.0
ID7377,1,3723300.0,3381.0,3381.0
ID7377,2,1322960.0,13332.666666666666,2666.5333333333333
ID7380,1,3359516.6666666665,3012.0,3012.0
ID7380,2,1446490.0,14475.333333333334,2895.066666666667
ID7381,1,3509166.6666666665,3179.0,3179.0
ID7381,2,1532803.3333333333,15289.0,3057.7999999999997
ID7383,2,641253.3333333334,6434.333333333333,1286.8666666666666
ID7384,2,994268.3333333334,4408.833333333333,1314.7
ID7388,0,2755675.0,2477.5,2477.5
ID7388,1,3841600.0,3475.0,3475.0
ID7388,2,1274086.6666666667,12671.0,2534.2000000000003
ID7392,0,2365375.0,2119.0,2119.0
ID7392,1,3617400.0,3291.0,3291.0
ID7392,2,1617383.3333333333,16187.666666666666,3237.5333333333333
ID7405,2,1127040.0,11276.666666666666,2255.3333333333335
ID7409,0,2619650.0,2364.0,2364.0
ID7416,2,1209033.3333333333,12067.0,2413.4
ID7417,2,1103310.0,11056.666666666666,2211.3333333333335
ID7422,2,1270306.6666666667,7829.333333333333,1950.3999999999999
ID7452,1,3502200.0,3140.0,3140.0
ID7452,2,1262840.0,12617.666666666666,2523.5333333333333
ID7462,2,1338873.3333333333,13260.666666666666,2652.133333333333
ID7464,0,2268942.5,6587.75,2586.15
ID7464,2,1540360.0,15431.5,3086.3
ID7466,2,1283030.0,12782.0,2556.4
ID7469,0,2303150.0,2052.3333333333335,2052.3333333333335
ID7472,2,766000.0,7643.333333333333,1528.6666666666667
ID7473,0,2831450.0,2554.0,2554.0
ID7473,1,3549100.0,3185.0,3185.0
ID7473,2,1568043.3333333333,15596.0,3119.2000000000003
ID7484,2,925905.0,4472.5,1271.5666666666668
ID7492,2,1121698.3333333333,5466.333333333333,1548.8666666666668
ID7496,0,2854283.3333333335,2584.6666666666665,2584.6666666666665
ID7496,2,1365406.6666666667,13584.666666666666,2716.9333333333334
ID7527,2,965746.6666666666,4304.5,1285.5666666666666
ID7538,0,2762725.0,2519.5,2519.5
ID7538,1,4024400.0,3634.0,3634.0
ID7538,2,1447910.0,14437.333333333334,2887.4666666666667
ID7545,2,984223.3333333334,4574.833333333333,1331.3666666666668
ID7552,2,952240.0,4177.833333333333,1257.4333333333334
ID7562,2,960705.0,4534.333333333333,1308.6000000000001
ID7567,2,999055.0,4650.5,1354.5
ID7573,2,1263983.3333333333,1130.3333333333333,1130.3333333333333
ID7574,0,2829816.6666666665,2528.6666666666665,2528.6666666666665
ID7574,2,1318066.6666666667,13315.0,2663.0
ID7594,2,1028815.0,4886.666666666667,1402.6666666666667
ID7612,0,2884300.0,2581.5,2581.5
ID7612,1,3507750.0,3161.0,3161.0
ID7612,2,1440990.0,14315.333333333334,2863.066666666667
ID7613,0,2215616.6666666665,2016.0,2016.0
ID7630,2,1019010.0,4845.166666666667,1391.9666666666665
ID7657,2,1267753.3333333333,12575.333333333334,2515.066666666667
ID7679,2,860755.0,3840.5,1146.6333333333334
ID7681,2,1170220.0,11755.333333333334,2351.066666666667
ID7686,2,1075746.6666666667,5171.5,1476.7
ID7687,2,1175063.3333333333,11779.666666666666,2355.9333333333334
ID7690,0,2972000.0,2662.0,2662.0
ID7690,1,3650600.0,3305.0,3305.0
ID7690,2,1455273.3333333333,14594.666666666666,2918.933333333333
ID7703,0,2923350.0,2644.0,2644.0
ID7703,1,3779200.0,3379.5,3379.5
ID7703,2,1511653.3333333333,15072.333333333334,3014.4666666666667
ID7720,2,954463.3333333334,4396.0,1288.5333333333333
ID7722,2,1069548.3333333333,5026.833333333333,1452.1666666666667
ID7736,2,949426.6666666666,4454.166666666667,1290.3
ID7750,2,979761.6666666666,4476.833333333333,1315.6333333333334
ID7758,0,1947600.0,1775.0,1775.0
ID7758,1,3467825.0,3130.0,3130.0
ID7758,2,1503433.3333333333,15178.0,3035.6
ID7760,0,2737983.3333333335,2461.3333333333335,2461.3333333333335
ID7763,0,2595466.6666666665,2323.3333333333335,2323.3333333333335
ID7769,0,2620550.0,2361.0,2361.0
ID7769,1,3400300.0,3068.5,3068.5
ID7769,2,1464316.6666666667,14601.333333333334,2920.2666666666664
ID7772,0,2362133.3333333335,2133.0,2133.0
ID7788,0,2409716.6666666665,2175.0,2175.0
ID7793,0,2753550.0,2490.0,2490.0
ID7793,1,3837675.0,3493.5,3493.5
ID7793,2,1427136.6666666667,14249.666666666666,2849.933333333334
ID7796,0,3137825.0,2846.0,2846.0
ID7796,1,3348150.0,3037.0,3037.0
ID7796,2,1487953.3333333333,14800.0,2960.0
ID7799,0,2142150.0,21337.666666666668,4267.533333333334
ID7799,1,4088683.3333333335,3685.0,3685.0
ID7820,1,3365383.3333333335,3030.0,3030.0
ID7820,2,1551776.6666666667,15576.666666666666,3115.3333333333335
ID7834,0,2967400.0,2660.5,2660.5
ID7834,1,3660700.0,3323.0,3323.0
ID7834,2,1500476.6666666667,15017.0,3003.4
ID7851,0,2285250.0,2066.6666666666665,2066.6666666666665
ID7858,0,2624416.6666666665,2367.6666666666665,2367.6666666666665
ID7863,2,979210.0,4748.0,1347.3333333333333
ID7864,2,1155096.6666666667,11503.333333333334,2300.6666666666665
ID7881,0,2897400.0,2623.0,2623.0
ID7881,1,3693500.0,3299.5,3299.5
ID7881,2,1315520.0,13086.333333333334,2617.266666666667
ID7897,2,1285830.0,12856.0,2571.2000000000003
ID7910,0,3089425.0,2782.0,2782.0
ID7910,1,3898450.0,3471.0,3471.0
ID7910,2,1525920.0,15151.0,3030.2000000000003
ID7937,2,1086300.0,976.3333333333334,976.3333333333334
ID7945,0,3089216.6666666665,2777.6666666666665,2777.6666666666665
ID7945,2,1469270.0,14904.333333333334,2980.866666666667
ID7948,0,2211396.6666666665,22112.0,4422.400000000001
ID7948,1,4367100.0,3920.3333333333335,3920.3333333333335
ID7950,2,1029033.3333333334,4919.5,1409.6333333333332
ID7957,0,2356066.6666666665,2116.3333333333335,2116.3333333333335
ID7978,2,1156580.0,11607.666666666666,2321.5333333333333
ID7994,2,714773.3333333334,7179.0,1435.8
ID8017,1,3551683.3333333335,3190.0,3190.0
ID8017,2,1524663.3333333333,15328.333333333334,3065.6666666666665
ID8021,0,2781875.0,2525.5,2525.5
ID8021,1,3395350.0,3036.0,3036.0
ID8021,2,1405390.0,13966.0,2793.2000000000003
ID8025,2,1306190.0,13153.333333333334,2630.6666666666665
ID8045,1,3465700.0,3134.0,3134.0
ID8045,2,1674646.6666666667,16682.666666666668,3336.5333333333333
ID8060,2,660406.6666666666,6538.333333333333,1307.6666666666667
ID8071,2,664356.6666666666,6664.666666666667,1332.9333333333334
ID8087,2,1070640.0,5145.666666666667,1468.2
ID8092,2,1016981.6666666666,4679.0,1369.8
ID8112,2,1089716.6666666667,977.6666666666666,977.6666666666666
ID8114,2,1002088.3333333334,4601.666666666667,1351.3999999999999
ID8119,2,1177930.0,11789.666666666666,2357.933333333333
ID8133,2,678823.3333333334,6858.666666666667,1371.7333333333333
ID8138,2,945491.6666666666,4713.666666666667,1316.0666666666666
ID8142,2,641730.0,6442.333333333333,1288.4666666666665
ID8145,0,3048750.0,2755.0,2755.0
ID8145,1,3577925.0,3199.5,3199.5
ID8145,2,1433526.6666666667,14281.0,2856.2000000000003
ID8159,2,725346.6666666666,7258.0,1451.6000000000001
ID8162,0,2717100.0,2471.0,2471.0
ID8162,1,3620900.0,3249.0,3249.0
ID8162,2,1400760.0,13956.333333333334,2791.266666666667
ID8167,0,3082675.0,2771.0,2771.0
ID8167,1,3633500.0,3264.0,3264.0
ID8167,2,1234983.3333333333,12340.333333333334,2468.066666666667
ID8187,2,1205263.3333333333,12045.333333333334,2409.066666666667
ID8193,2,1165286.6666666667,11659.0,2331.7999999999997
ID8194,2,1047790.0,10451.333333333334,2090.266666666667
ID8207,2,1017430.0,4847.166666666667,1390.7666666666667
ID8208,2,991850.0,4808.666666666667,1364.5333333333335
ID8212,0,2302250.0,2078.3333333333335,2078.3333333333335
ID8213,2,626790.0,6289.333333333333,1257.8666666666666
ID8228,2,1250993.3333333333,12434.333333333334,2486.866666666667
ID8229,0,2209166.6666666665,22067.333333333332,4413.466666666666
ID8229,1,4159000.0,3733.0,3733.0
ID8246,0,2958700.0,2676.0,2676.0
ID8246,1,3566425.0,3205.5,3205.5
ID8246,2,1421480.0,14151.333333333334,2830.2666666666664
ID8269,0,2438550.0,2213.0,2213.0
ID8269,1,3344450.0,3009.5,3009.5
ID8269,2,1388480.0,14017.666666666666,2803.5333333333333
ID8278,1,3477616.6666666665,3126.0,3126.0
ID8279,0,3142600.0,2831.5,2831.5
ID8279,1,4002900.0,3612.0,3612.0
ID8279,2,1517623.3333333333,15145.333333333334,3029.066666666667
ID8286,2,1062573.3333333333,10555.666666666666,2111.1333333333337
ID8292,2,704586.6666666666,7062.0,1412.3999999999999
ID8293,2,973435.0,4545.833333333333,1323.1666666666667
ID8297,2,1010040.0,5199.666666666667,1426.0666666666666
ID8304,2,938916.6666666666,4448.833333333333,1282.7
ID8319,2,1300690.0,12954.333333333334,2590.866666666667
ID8330,1,3481600.0,3138.0,3138.0
ID8330,2,1301390.0,12931.666666666666,2586.3333333333335
ID8333,2,1106700.0,1001.0,1001.0
ID8354,2,683096.6666666666,6863.0,1372.6000000000001
ID8358,2,1306233.3333333333,13126.0,2625.2000000000003
ID8366,2,890080.0,3952.1666666666665,1181.8999999999999
ID8367,2,1045011.6666666666,4770.166666666667,1403.2333333333333
ID8375,2,946148.3333333334,4896.0,1346.1333333333334
ID8378,2,1036656.6666666666,5016.833333333333,1430.9666666666665
ID8399,2,626696.6666666666,6287.0,1257.3999999999999
ID8405,2,626166.6666666666,6252.0,1250.3999999999999
ID8417,0,2754500.0,2477.0,2477.0
ID8417,1,3501075.0,3151.5,3151.5
ID8417,2,1466926.6666666667,14696.0,2939.2000000000003
ID8419,2,1071333.3333333333,10705.333333333334,2141.0666666666666
ID8422,0,2856225.0,2574.0,2574.0
ID8422,1,3371950.0,3071.0,3071.0
ID8422,2,1383276.6666666667,13832.0,2766.4
ID8433,0,2409533.3333333335,2172.6666666666665,2172.6666666666665
ID8443,2,691076.6666666666,6968.666666666667,1393.7333333333333
ID8444,2,1148716.6666666667,1036.3333333333333,1036.3333333333333
ID8448,2,983053.3333333334,4519.666666666667,1328.4666666666667
ID8461,0,2515800.0,2264.0,2264.0
ID8463,0,2582983.3333333335,2331.6666666666665,2331.6666666666665
ID8493,2,1276860.0,12903.0,2580.6
ID8514,2,980701.6666666666,4875.666666666667,1367.3999999999999
ID8530,0,2978300.0,2667.0,2667.0
ID8530,1,3431775.0,3090.0,3090.0
ID8530,2,1409676.6666666667,14055.666666666666,2811.133333333333
ID8552,2,1167050.0,1044.0,1044.0
ID8559,2,889928.3333333334,3795.5,1160.9666666666667
ID8564,1,4567433.333333333,4098.333333333333,4098.333333333333
ID8564,2,1296576.6666666667,12940.666666666666,2588.133333333333
ID8569,2,1282383.3333333333,1157.3333333333333,1157.3333333333333
ID8588,2,1051183.3333333333,4986.666666666667,1439.2
ID8594,2,1201436.6666666667,12023.0,2404.6
ID8613,0,2832725.0,2537.0,2537.0
ID8613,1,3589950.0,3277.0,3277.0
ID8613,2,1281920.0,12743.0,2548.6000000000004
ID8619,2,1096270.0,10968.0,2193.6
ID8631,2,1235561.6666666667,6368.833333333333,1749.2333333333333
ID8648,1,3858183.3333333335,3462.6666666666665,3462.6666666666665
ID8648,2,1339663.3333333333,13387.333333333334,2677.4666666666667
ID8654,2,702986.6666666666,6994.0,1398.8
ID8661,2,987635.0,5061.833333333333,1392.5
ID8662,1,3540200.0,3189.0,3189.0
ID8662,2,1418603.3333333333,14175.0,2835.0
ID8689,1,3428866.6666666665,3099.3333333333335,3099.3333333333335
ID8689,2,1529846.6666666667,15313.0,3062.6000000000004
ID8711,0,2476033.3333333335,2232.6666666666665,2232.6666666666665
ID8735,2,1375733.3333333333,13740.666666666666,2748.133333333333
ID8739,1,3905766.6666666665,3520.0,3520.0
ID8739,2,1260796.6666666667,12613.333333333334,2522.6666666666665
ID8741,0,2373200.0,2159.0,2159.0
ID8741,1,3423625.0,3028.5,3028.5
ID8741,2,1522603.3333333333,15246.666666666666,3049.3333333333335
ID8750,0,3119050.0,2842.0,2842.0
ID8750,1,3327575.0,2979.5,2979.5
ID8750,2,1311240.0,13164.666666666666,2632.9333333333334
ID8753,0,2297533.3333333335,2062.3333333333335,2062.3333333333335
ID8755,2,1056360.0,5093.5,1450.9666666666665
ID8769,0,2676333.3333333335,2417.0,2417.0
ID8781,2,987853.3333333334,4512.5,1325.7
ID8784,1,3548416.6666666665,3218.6666666666665,3218.6666666666665
ID8784,2,1295690.0,13141.666666666666,2628.3333333333335
ID8786,1,3569183.3333333335,3205.0,3205.0
ID8786,2,1558720.0,15588.333333333334,3117.6666666666665
ID8797,2,921533.3333333334,4401.666666666667,1266.4666666666665
ID8809,2,990533.3333333334,4486.833333333333,1325.7666666666667
ID8822,2,928475.0,4066.8333333333335,1229.2333333333333
ID8837,0,2692675.0,2425.5,2425.5
ID8837,1,3780850.0,3407.0,3407.0
ID8837,2,1549460.0,15514.666666666666,3102.933333333333
ID8854,1,3364916.6666666665,3022.0,3022.0
ID8854,2,1464550.0,14855.333333333334,2971.066666666667
ID8867,0,2368516.6666666665,2136.0,2136.0
ID8867,2,1548543.3333333333,15439.666666666666,3087.933333333333
ID8877,2,1163100.0,1053.3333333333333,1053.3333333333333
ID8884,0,3027300.0,2758.0,2758.0
ID8884,1,3614400.0,3240.0,3240.0
ID8884,2,1450443.3333333333,14504.666666666666,2900.933333333333
ID8891,0,3185000.0,2873.0,2873.0
ID8891,1,3568450.0,3221.5,3221.5
ID8891,2,1500323.3333333333,15036.333333333334,3007.2666666666664
ID8892,0,2577350.0,2295.0,2295.0
ID8892,1,3913700.0,3540.5,3540.5
ID8892,2,1602410.0,16118.0,3223.6
ID8893,2,998846.6666666666,10083.333333333334,2016.6666666666667
ID8900,1,3433250.0,3087.3333333333335,3087.3333333333335
ID8900,2,1588880.0,15955.666666666666,3191.1333333333337
ID8908,0,2867750.0,2580.0,2580.0
ID8908,1,3587250.0,3236.5,3236.5
ID8908,2,1443426.6666666667,14481.333333333334,2896.2666666666664
ID8909,0,3118150.0,2808.0,2808.0
ID8909,1,3401350.0,3048.5,3048.5
ID8909,2,1469633.3333333333,14859.0,2971.7999999999997
ID8920,2,1273290.0,12688.0,2537.6
ID8924,2,1122850.0,1017.6666666666666,1017.6666666666666
ID8940,0,3022750.0,2703.5,2703.5
ID8940,1,3587650.0,3231.0,3231.0
ID8940,2,1412406.6666666667,14150.666666666666,2830.1333333333337
ID8963,0,2119450.0,1901.0,1901.0
ID8972,0,2851250.0,2561.0,2561.0
ID8975,2,1170516.6666666667,1065.6666666666667,1065.6666666666667
ID8977,2,1160733.3333333333,1049.6666666666667,1049.6666666666667
ID8989,0,2794175.0,2490.0,2490.0
ID8989,1,3688250.0,3382.0,3382.0
ID8989,2,1363340.0,13638.666666666666,2727.7333333333336
ID8996,2,1224823.3333333333,12216.0,2443.2000000000003
ID9010,2,1095363.3333333333,11092.666666666666,2218.5333333333333
ID9035,0,2381355.0,11186.5,3237.3
ID9035,1,3799725.0,3412.5,3412.5
ID9035,2,1121390.0,11274.0,2254.8
ID9042,0,2389250.0,2161.6666666666665,2161.6666666666665
ID9060,2,974615.0,4657.666666666667,1331.9333333333334
ID9061,0,2812300.0,2484.0,2484.0
ID9061,1,3816200.0,3441.5,3441.5
ID9061,2,1640760.0,16348.0,3269.6
ID9062,2,1315756.6666666667,13217.333333333334,2643.4666666666667
ID9065,2,1053100.0,957.3333333333334,957.3333333333334
ID9071,0,2409883.3333333335,2156.3333333333335,2156.3333333333335
ID9118,0,3079350.0,2827.0,2827.0
ID9118,1,3421825.0,3061.0,3061.0
ID9118,2,1401900.0,14036.333333333334,2807.2666666666664
ID9131,2,1117120.0,11110.666666666666,2222.133333333333
ID9151,2,1338200.0,1196.6666666666667,1196.6666666666667
ID9160,0,2634875.0,26218.5,5243.700000000001
ID9160,1,5359375.0,12384.5,5735.9
ID9163,2,1249923.3333333333,12579.0,2515.7999999999997
ID9181,2,1034513.3333333334,5304.5,1453.9666666666665
ID9185,2,1092856.6666666667,10966.333333333334,2193.266666666667
ID9190,0,2448650.0,2252.0,2252.0
ID9190,1,3630275.0,3266.5,3266.5
ID9190,2,1484786.6666666667,14765.666666666666,2953.133333333333
ID9211,1,3767333.3333333335,3420.0,3420.0
ID9211,2,1475773.3333333333,14651.0,2930.2000000000003
ID9229,1,3875183.3333333335,3489.6666666666665,3489.6666666666665
ID9229,2,1395263.3333333333,13980.0,2796.0
ID9262,2,1260400.0,1135.3333333333333,1135.3333333333333
ID9303,0,2863000.0,2568.0,2568.0
ID9303,1,3844025.0,3449.5,3449.5
ID9303,2,1546503.3333333333,15401.333333333334,3080.266666666667
ID9330,2,991591.6666666666,4988.833333333333,1387.8999999999999
ID9331,2,1099953.3333333333,11014.666666666666,2202.9333333333334
ID9335,0,2289705.0,10729.5,3091.9
ID9335,1,3845800.0,3480.0,3480.0
ID9335,2,1273670.0,12651.0,2530.2
ID9347,2,761903.3333333334,7598.0,1519.6000000000001
ID9348,0,2590033.3333333335,2326.6666666666665,2326.6666666666665
ID9349,2,1056593.3333333333,10515.0,2103.0
ID9355,2,1251926.6666666667,12598.666666666666,2519.7333333333336
ID9377,0,2586683.3333333335,2317.3333333333335,2317.3333333333335
ID9403,1,3361050.0,3025.6666666666665,3025.6666666666665
ID9403,2,1436566.6666666667,14127.0,2825.4
ID9412,0,2826325.0,2566.0,2566.0
ID9412,1,3353900.0,3040.0,3040.0
ID9412,2,1522126.6666666667,15095.333333333334,3019.066666666667
ID9424,2,1211966.6666666667,1092.6666666666667,1092.6666666666667
ID9431,0,2992750.0,2691.0,2691.0
ID9431,1,3441100.0,3089.0,3089.0
ID9431,2,1263593.3333333333,12718.0,2543.6
ID9440,0,2349633.3333333335,23543.0,4708.599999999999
ID9449,2,636056.6666666666,6329.0,1265.8
ID9455,1,3471133.3333333335,3126.0,3126.0
ID9455,2,1474330.0,14705.666666666666,2941.133333333333
ID9465,0,1932360.0,19239.0,3847.8
ID9465,1,4525900.0,4083.0,4083.0
ID9465,2,1433055.0,14569.0,2913.8
ID9469,2,1272850.0,1148.0,1148.0
ID9488,0,2862125.0,2605.5,2605.5
ID9488,1,3496550.0,3161.0,3161.0
ID9488,2,1576163.3333333333,15803.0,3160.6
ID9508,0,2412433.3333333335,2158.3333333333335,2158.3333333333335
ID9513,1,3590933.3333333335,3247.0,3247.0
ID9513,2,1439396.6666666667,14374.0,2874.7999999999997
ID9528,2,968076.6666666666,9723.0,1944.6000000000001
ID9541,0,2268225.0,22460.0,4492.0
ID9541,1,4692550.0,4239.0,4239.0
ID9541,2,1755870.0,17870.0,3574.0
ID9544,2,1027780.0,5166.666666666667,1438.5333333333335
ID9549,2,1219246.6666666667,12166.666666666666,2433.3333333333335
ID9556,0,2806400.0,2532.0,2532.0
ID9556,1,3416825.0,3073.0,3073.0
ID9556,2,1610626.6666666667,16146.666666666666,3229.3333333333335
ID9568,0,2980450.0,2705.0,2705.0
ID9568,1,3686500.0,3293.0,3293.0
ID9568,2,1479360.0,14880.333333333334,2976.066666666667
ID9572,0,2973900.0,2678.0,2678.0
ID9572,1,3785350.0,3410.0,3410.0
ID9572,2,1339896.6666666667,13384.333333333334,2676.866666666667
ID9585,0,3027150.0,2710.0,2710.0
ID9585,1,3374725.0,3026.5,3026.5
ID9585,2,1398566.6666666667,14049.666666666666,2809.933333333333
ID9607,2,1055855.0,5240.833333333333,1468.3
ID9609,2,642316.6666666666,6448.666666666667,1289.7333333333333
ID9617,1,3436633.3333333335,3085.0,3085.0
ID9617,2,1469813.3333333333,14748.666666666666,2949.7333333333336
ID9619,2,1118550.0,1007.0,1007.0
ID9620,2,968453.3333333334,4470.0,1306.0
ID9641,2,1040291.6666666666,5086.333333333333,1435.9333333333334
ID9642,2,1273050.0,1152.3333333333333,1152.3333333333333
ID9650,2,976663.3333333334,4679.833333333333,1339.4333333333334
ID9653,0,2587166.6666666665,2325.3333333333335,2325.3333333333335
ID9659,2,991106.6666666666,4405.5,1318.8333333333333
ID9672,0,2021780.0,20335.0,4067.0
ID9672,1,5919700.0,5325.666666666667,5325.666666666667
ID9672,2,1600185.0,15952.5,3190.5
ID9685,0,3191100.0,2881.0,2881.0
ID9685,1,4290900.0,3892.5,3892.5
ID9685,2,1344666.6666666667,13414.666666666666,2682.9333333333334
ID9710,2,1230676.6666666667,12304.0,2460.7999999999997
ID9712,1,3727066.6666666665,3372.6666666666665,3372.6666666666665
ID9712,2,1435886.6666666667,14180.666666666666,2836.133333333333
ID9715,0,2620200.0,2364.3333333333335,2364.3333333333335
ID9716,2,1263550.0,12690.333333333334,2538.0666666666666
ID9727,2,986893.3333333334,9936.333333333334,1987.2666666666667
ID9760,0,2573783.3333333335,2313.3333333333335,2313.3333333333335
ID9762,0,2127983.3333333335,1927.6666666666667,1927.6666666666667
ID9777,2,628796.6666666666,6305.666666666667,1261.1333333333334
ID9780,2,1273663.3333333333,12653.0,2530.6
ID9783,0,2888100.0,2601.0,2601.0
ID9783,2,1447000.0,14494.333333333334,2898.866666666667
ID9784,0,2897200.0,2589.5,2589.5
ID9784,1,3438800.0,3073.0,3073.0
ID9784,2,1337966.6666666667,13464.666666666666,2692.9333333333334
ID9786,2,955965.0,4325.666666666667,1281.8
ID9802,0,2474483.3333333335,2224.3333333333335,2224.3333333333335
ID9807,0,3157000.0,2822.0,2822.0
ID9807,1,3469625.0,3124.0,3124.0
ID9807,2,1518213.3333333333,15229.333333333334,3045.866666666667
ID9823,2,1020806.6666666666,10173.333333333334,2034.6666666666667
ID9841,0,2410700.0,2174.6666666666665,2174.6666666666665
ID9841,2,861796.6666666666,8611.666666666666,1722.3333333333333
ID9871,0,3010300.0,2704.0,2704.0
ID9871,1,3627800.0,3266.0,3266.0
ID9871,2,1473836.6666666667,14647.0,2929.4
ID9876,0,2786696.6666666665,27830.666666666668,5566.133333333334
ID9876,1,6782600.0,6121.666666666667,6121.666666666667
ID9903,2,765790.0,7705.0,1541.0
ID9917,0,2638000.0,2384.0,2384.0
ID9917,1,3754800.0,3400.0,3400.0
ID9917,2,1364380.0,13725.333333333334,2745.066666666667
ID9919,2,1257013.3333333333,12532.0,2506.4
ID9926,0,2488650.0,2235.3333333333335,2235.3333333333335
ID9941,2,1281096.6666666667,12725.666666666666,2545.1333333333337
ID9945,2,1300663.3333333333,12932.333333333334,2586.4666666666667
ID9948,2,1133533.3333333333,1031.0,1031.0
ID9960,0,2892950.0,2643.0,2643.0
ID9960,1,3677200.0,3312.0,3312.0
ID9960,2,1312320.0,13033.666666666666,2606.7333333333336
ID9971,2,1219440.0,12161.0,2432.2000000000003
ID9973,0,3067975.0,2743.0,2743.0
ID9973,1,3399400.0,3083.0,3083.0
ID9973,2,1322026.6666666667,13166.333333333334,2633.266666666667
ID9979,2,1059436.6666666667,10630.666666666666,2126.133333333333
ID9980,1,4160333.3333333335,3745.3333333333335,3745.3333333333335
ID9980,2,1239003.3333333333,12486.333333333334,2497.266666666667
